mac_discord_chrome_108.pcap,discord
mac_discord_chrome_7.pcap,discord
mac_discord_chrome_149.pcap,discord
mac_discord_chrome_31.pcap,discord
mac_discord_chrome_89.pcap,discord
mac_discord_chrome_132.pcap,discord
mac_discord_chrome_66.pcap,discord
mac_discord_chrome_70.pcap,discord
mac_discord_chrome_124.pcap,discord
mac_discord_chrome_27.pcap,discord
mac_discord_chrome_50.pcap,discord
mac_discord_chrome_104.pcap,discord
mac_discord_chrome_11.pcap,discord
mac_discord_chrome_145.pcap,discord
mac_discord_chrome_112.pcap,discord
mac_discord_chrome_46.pcap,discord
mac_discord_chrome_85.pcap,discord
mac_discord_chrome_93.pcap,discord
mac_discord_chrome_128.pcap,discord
mac_discord_chrome_92.pcap,discord
mac_discord_chrome_129.pcap,discord
mac_discord_chrome_84.pcap,discord
mac_discord_chrome_113.pcap,discord
mac_discord_chrome_47.pcap,discord
mac_discord_chrome_10.pcap,discord
mac_discord_chrome_144.pcap,discord
mac_discord_chrome_51.pcap,discord
mac_discord_chrome_105.pcap,discord
mac_discord_chrome_26.pcap,discord
mac_discord_chrome_71.pcap,discord
mac_discord_chrome_125.pcap,discord
mac_discord_chrome_88.pcap,discord
mac_discord_chrome_133.pcap,discord
mac_discord_chrome_67.pcap,discord
mac_discord_chrome_30.pcap,discord
mac_discord_chrome_148.pcap,discord
mac_discord_chrome_6.pcap,discord
mac_discord_chrome_109.pcap,discord
mac_discord_chrome_102.pcap,discord
mac_discord_chrome_56.pcap,discord
mac_discord_chrome_143.pcap,discord
mac_discord_chrome_17.pcap,discord
mac_discord_chrome_40.pcap,discord
mac_discord_chrome_114.pcap,discord
mac_discord_chrome_83.pcap,discord
mac_discord_chrome_138.pcap,discord
mac_discord_chrome_95.pcap,discord
mac_discord_chrome_1.pcap,discord
mac_discord_chrome_118.pcap,discord
mac_discord_chrome_37.pcap,discord
mac_discord_chrome_60.pcap,discord
mac_discord_chrome_134.pcap,discord
mac_discord_chrome_99.pcap,discord
mac_discord_chrome_122.pcap,discord
mac_discord_chrome_76.pcap,discord
mac_discord_chrome_21.pcap,discord
mac_discord_chrome_20.pcap,discord
mac_discord_chrome_98.pcap,discord
mac_discord_chrome_123.pcap,discord
mac_discord_chrome_77.pcap,discord
mac_discord_chrome_61.pcap,discord
mac_discord_chrome_135.pcap,discord
mac_discord_chrome_36.pcap,discord
mac_discord_chrome_119.pcap,discord
mac_discord_chrome_94.pcap,discord
mac_discord_chrome_82.pcap,discord
mac_discord_chrome_139.pcap,discord
mac_discord_chrome_41.pcap,discord
mac_discord_chrome_115.pcap,discord
mac_discord_chrome_142.pcap,discord
mac_discord_chrome_16.pcap,discord
mac_discord_chrome_103.pcap,discord
mac_discord_chrome_57.pcap,discord
mac_discord_chrome_78.pcap,discord
mac_discord_chrome_97.pcap,discord
mac_discord_chrome_39.pcap,discord
mac_discord_chrome_116.pcap,discord
mac_discord_chrome_42.pcap,discord
mac_discord_chrome_15.pcap,discord
mac_discord_chrome_141.pcap,discord
mac_discord_chrome_54.pcap,discord
mac_discord_chrome_100.pcap,discord
mac_discord_chrome_23.pcap,discord
mac_discord_chrome_74.pcap,discord
mac_discord_chrome_120.pcap,discord
mac_discord_chrome_136.pcap,discord
mac_discord_chrome_62.pcap,discord
mac_discord_chrome_35.pcap,discord
mac_discord_chrome_19.pcap,discord
mac_discord_chrome_3.pcap,discord
mac_discord_chrome_58.pcap,discord
mac_discord_chrome_59.pcap,discord
mac_discord_chrome_2.pcap,discord
mac_discord_chrome_18.pcap,discord
mac_discord_chrome_34.pcap,discord
mac_discord_chrome_137.pcap,discord
mac_discord_chrome_63.pcap,discord
mac_discord_chrome_75.pcap,discord
mac_discord_chrome_121.pcap,discord
mac_discord_chrome_22.pcap,discord
mac_discord_chrome_55.pcap,discord
mac_discord_chrome_101.pcap,discord
mac_discord_chrome_14.pcap,discord
mac_discord_chrome_140.pcap,discord
mac_discord_chrome_117.pcap,discord
mac_discord_chrome_43.pcap,discord
mac_discord_chrome_38.pcap,discord
mac_discord_chrome_96.pcap,discord
mac_discord_chrome_25.pcap,discord
mac_discord_chrome_126.pcap,discord
mac_discord_chrome_72.pcap,discord
mac_discord_chrome_64.pcap,discord
mac_discord_chrome_130.pcap,discord
mac_discord_chrome_33.pcap,discord
mac_discord_chrome_48.pcap,discord
mac_discord_chrome_5.pcap,discord
mac_discord_chrome_29.pcap,discord
mac_discord_chrome_91.pcap,discord
mac_discord_chrome_68.pcap,discord
mac_discord_chrome_87.pcap,discord
mac_discord_chrome_44.pcap,discord
mac_discord_chrome_110.pcap,discord
mac_discord_chrome_9.pcap,discord
mac_discord_chrome_147.pcap,discord
mac_discord_chrome_13.pcap,discord
mac_discord_chrome_106.pcap,discord
mac_discord_chrome_52.pcap,discord
mac_discord_chrome_107.pcap,discord
mac_discord_chrome_53.pcap,discord
mac_discord_chrome_150.pcap,discord
mac_discord_chrome_146.pcap,discord
mac_discord_chrome_12.pcap,discord
mac_discord_chrome_8.pcap,discord
mac_discord_chrome_45.pcap,discord
mac_discord_chrome_111.pcap,discord
mac_discord_chrome_69.pcap,discord
mac_discord_chrome_86.pcap,discord
mac_discord_chrome_90.pcap,discord
mac_discord_chrome_28.pcap,discord
mac_discord_chrome_4.pcap,discord
mac_discord_chrome_49.pcap,discord
mac_discord_chrome_32.pcap,discord
mac_discord_chrome_65.pcap,discord
mac_discord_chrome_131.pcap,discord
mac_discord_chrome_127.pcap,discord
mac_discord_chrome_73.pcap,discord
mac_discord_chrome_24.pcap,discord
mac_discord_firefox_110.pcap,discord
mac_discord_firefox_85.pcap,discord
mac_discord_firefox_147.pcap,discord
mac_discord_firefox_93.pcap,discord
mac_discord_firefox_106.pcap,discord
mac_discord_firefox_50.pcap,discord
mac_discord_firefox_11.pcap,discord
mac_discord_firefox_46.pcap,discord
mac_discord_firefox_31.pcap,discord
mac_discord_firefox_89.pcap,discord
mac_discord_firefox_66.pcap,discord
mac_discord_firefox_70.pcap,discord
mac_discord_firefox_27.pcap,discord
mac_discord_firefox_126.pcap,discord
mac_discord_firefox_1.pcap,discord
mac_discord_firefox_130.pcap,discord
mac_discord_firefox_131.pcap,discord
mac_discord_firefox_127.pcap,discord
mac_discord_firefox_26.pcap,discord
mac_discord_firefox_71.pcap,discord
mac_discord_firefox_88.pcap,discord
mac_discord_firefox_67.pcap,discord
mac_discord_firefox_30.pcap,discord
mac_discord_firefox_47.pcap,discord
mac_discord_firefox_10.pcap,discord
mac_discord_firefox_51.pcap,discord
mac_discord_firefox_107.pcap,discord
mac_discord_firefox_150.pcap,discord
mac_discord_firefox_92.pcap,discord
mac_discord_firefox_146.pcap,discord
mac_discord_firefox_84.pcap,discord
mac_discord_firefox_111.pcap,discord
mac_discord_firefox_37.pcap,discord
mac_discord_firefox_60.pcap,discord
mac_discord_firefox_99.pcap,discord
mac_discord_firefox_76.pcap,discord
mac_discord_firefox_21.pcap,discord
mac_discord_firefox_120.pcap,discord
mac_discord_firefox_136.pcap,discord
mac_discord_firefox_7.pcap,discord
mac_discord_firefox_116.pcap,discord
mac_discord_firefox_83.pcap,discord
mac_discord_firefox_141.pcap,discord
mac_discord_firefox_95.pcap,discord
mac_discord_firefox_100.pcap,discord
mac_discord_firefox_56.pcap,discord
mac_discord_firefox_17.pcap,discord
mac_discord_firefox_40.pcap,discord
mac_discord_firefox_41.pcap,discord
mac_discord_firefox_16.pcap,discord
mac_discord_firefox_57.pcap,discord
mac_discord_firefox_101.pcap,discord
mac_discord_firefox_94.pcap,discord
mac_discord_firefox_140.pcap,discord
mac_discord_firefox_82.pcap,discord
mac_discord_firefox_117.pcap,discord
mac_discord_firefox_137.pcap,discord
mac_discord_firefox_6.pcap,discord
mac_discord_firefox_121.pcap,discord
mac_discord_firefox_20.pcap,discord
mac_discord_firefox_98.pcap,discord
mac_discord_firefox_77.pcap,discord
mac_discord_firefox_61.pcap,discord
mac_discord_firefox_36.pcap,discord
mac_discord_firefox_19.pcap,discord
mac_discord_firefox_5.pcap,discord
mac_discord_firefox_134.pcap,discord
mac_discord_firefox_122.pcap,discord
mac_discord_firefox_23.pcap,discord
mac_discord_firefox_74.pcap,discord
mac_discord_firefox_62.pcap,discord
mac_discord_firefox_35.pcap,discord
mac_discord_firefox_118.pcap,discord
mac_discord_firefox_42.pcap,discord
mac_discord_firefox_138.pcap,discord
mac_discord_firefox_9.pcap,discord
mac_discord_firefox_15.pcap,discord
mac_discord_firefox_54.pcap,discord
mac_discord_firefox_102.pcap,discord
mac_discord_firefox_78.pcap,discord
mac_discord_firefox_97.pcap,discord
mac_discord_firefox_143.pcap,discord
mac_discord_firefox_81.pcap,discord
mac_discord_firefox_114.pcap,discord
mac_discord_firefox_39.pcap,discord
mac_discord_firefox_38.pcap,discord
mac_discord_firefox_115.pcap,discord
mac_discord_firefox_80.pcap,discord
mac_discord_firefox_142.pcap,discord
mac_discord_firefox_79.pcap,discord
mac_discord_firefox_96.pcap,discord
mac_discord_firefox_103.pcap,discord
mac_discord_firefox_55.pcap,discord
mac_discord_firefox_14.pcap,discord
mac_discord_firefox_139.pcap,discord
mac_discord_firefox_8.pcap,discord
mac_discord_firefox_43.pcap,discord
mac_discord_firefox_119.pcap,discord
mac_discord_firefox_34.pcap,discord
mac_discord_firefox_63.pcap,discord
mac_discord_firefox_75.pcap,discord
mac_discord_firefox_22.pcap,discord
mac_discord_firefox_59.pcap,discord
mac_discord_firefox_123.pcap,discord
mac_discord_firefox_4.pcap,discord
mac_discord_firefox_135.pcap,discord
mac_discord_firefox_18.pcap,discord
mac_discord_firefox_44.pcap,discord
mac_discord_firefox_13.pcap,discord
mac_discord_firefox_128.pcap,discord
mac_discord_firefox_52.pcap,discord
mac_discord_firefox_104.pcap,discord
mac_discord_firefox_29.pcap,discord
mac_discord_firefox_91.pcap,discord
mac_discord_firefox_145.pcap,discord
mac_discord_firefox_68.pcap,discord
mac_discord_firefox_87.pcap,discord
mac_discord_firefox_112.pcap,discord
mac_discord_firefox_48.pcap,discord
mac_discord_firefox_132.pcap,discord
mac_discord_firefox_3.pcap,discord
mac_discord_firefox_124.pcap,discord
mac_discord_firefox_25.pcap,discord
mac_discord_firefox_108.pcap,discord
mac_discord_firefox_72.pcap,discord
mac_discord_firefox_64.pcap,discord
mac_discord_firefox_149.pcap,discord
mac_discord_firefox_33.pcap,discord
mac_discord_firefox_32.pcap,discord
mac_discord_firefox_148.pcap,discord
mac_discord_firefox_65.pcap,discord
mac_discord_firefox_73.pcap,discord
mac_discord_firefox_109.pcap,discord
mac_discord_firefox_24.pcap,discord
mac_discord_firefox_125.pcap,discord
mac_discord_firefox_133.pcap,discord
mac_discord_firefox_2.pcap,discord
mac_discord_firefox_49.pcap,discord
mac_discord_firefox_113.pcap,discord
mac_discord_firefox_69.pcap,discord
mac_discord_firefox_86.pcap,discord
mac_discord_firefox_144.pcap,discord
mac_discord_firefox_90.pcap,discord
mac_discord_firefox_28.pcap,discord
mac_discord_firefox_105.pcap,discord
mac_discord_firefox_53.pcap,discord
mac_discord_firefox_129.pcap,discord
mac_discord_firefox_12.pcap,discord
mac_discord_firefox_45.pcap,discord
ubu_discord_chrome_118.pcap,discord
ubu_discord_chrome_55.pcap,discord
ubu_discord_chrome_14.pcap,discord
ubu_discord_chrome_43.pcap,discord
ubu_discord_chrome_38.pcap,discord
ubu_discord_chrome_80.pcap,discord
ubu_discord_chrome_122.pcap,discord
ubu_discord_chrome_79.pcap,discord
ubu_discord_chrome_134.pcap,discord
ubu_discord_chrome_96.pcap,discord
ubu_discord_chrome_6.pcap,discord
ubu_discord_chrome_114.pcap,discord
ubu_discord_chrome_59.pcap,discord
ubu_discord_chrome_143.pcap,discord
ubu_discord_chrome_18.pcap,discord
ubu_discord_chrome_102.pcap,discord
ubu_discord_chrome_34.pcap,discord
ubu_discord_chrome_63.pcap,discord
ubu_discord_chrome_75.pcap,discord
ubu_discord_chrome_138.pcap,discord
ubu_discord_chrome_22.pcap,discord
ubu_discord_chrome_23.pcap,discord
ubu_discord_chrome_74.pcap,discord
ubu_discord_chrome_139.pcap,discord
ubu_discord_chrome_62.pcap,discord
ubu_discord_chrome_35.pcap,discord
ubu_discord_chrome_103.pcap,discord
ubu_discord_chrome_19.pcap,discord
ubu_discord_chrome_142.pcap,discord
ubu_discord_chrome_115.pcap,discord
ubu_discord_chrome_58.pcap,discord
ubu_discord_chrome_7.pcap,discord
ubu_discord_chrome_78.pcap,discord
ubu_discord_chrome_97.pcap,discord
ubu_discord_chrome_135.pcap,discord
ubu_discord_chrome_123.pcap,discord
ubu_discord_chrome_81.pcap,discord
ubu_discord_chrome_39.pcap,discord
ubu_discord_chrome_42.pcap,discord
ubu_discord_chrome_15.pcap,discord
ubu_discord_chrome_119.pcap,discord
ubu_discord_chrome_54.pcap,discord
ubu_discord_chrome_112.pcap,discord
ubu_discord_chrome_145.pcap,discord
ubu_discord_chrome_104.pcap,discord
ubu_discord_chrome_49.pcap,discord
ubu_discord_chrome_32.pcap,discord
ubu_discord_chrome_65.pcap,discord
ubu_discord_chrome_128.pcap,discord
ubu_discord_chrome_73.pcap,discord
ubu_discord_chrome_24.pcap,discord
ubu_discord_chrome_53.pcap,discord
ubu_discord_chrome_149.pcap,discord
ubu_discord_chrome_12.pcap,discord
ubu_discord_chrome_108.pcap,discord
ubu_discord_chrome_45.pcap,discord
ubu_discord_chrome_69.pcap,discord
ubu_discord_chrome_86.pcap,discord
ubu_discord_chrome_124.pcap,discord
ubu_discord_chrome_132.pcap,discord
ubu_discord_chrome_90.pcap,discord
ubu_discord_chrome_28.pcap,discord
ubu_discord_chrome_29.pcap,discord
ubu_discord_chrome_91.pcap,discord
ubu_discord_chrome_133.pcap,discord
ubu_discord_chrome_68.pcap,discord
ubu_discord_chrome_125.pcap,discord
ubu_discord_chrome_87.pcap,discord
ubu_discord_chrome_109.pcap,discord
ubu_discord_chrome_44.pcap,discord
ubu_discord_chrome_13.pcap,discord
ubu_discord_chrome_148.pcap,discord
ubu_discord_chrome_52.pcap,discord
ubu_discord_chrome_25.pcap,discord
ubu_discord_chrome_72.pcap,discord
ubu_discord_chrome_64.pcap,discord
ubu_discord_chrome_129.pcap,discord
ubu_discord_chrome_33.pcap,discord
ubu_discord_chrome_105.pcap,discord
ubu_discord_chrome_48.pcap,discord
ubu_discord_chrome_144.pcap,discord
ubu_discord_chrome_113.pcap,discord
ubu_discord_chrome_1.pcap,discord
ubu_discord_chrome_26.pcap,discord
ubu_discord_chrome_71.pcap,discord
ubu_discord_chrome_88.pcap,discord
ubu_discord_chrome_67.pcap,discord
ubu_discord_chrome_30.pcap,discord
ubu_discord_chrome_106.pcap,discord
ubu_discord_chrome_147.pcap,discord
ubu_discord_chrome_110.pcap,discord
ubu_discord_chrome_2.pcap,discord
ubu_discord_chrome_92.pcap,discord
ubu_discord_chrome_130.pcap,discord
ubu_discord_chrome_126.pcap,discord
ubu_discord_chrome_84.pcap,discord
ubu_discord_chrome_47.pcap,discord
ubu_discord_chrome_10.pcap,discord
ubu_discord_chrome_51.pcap,discord
ubu_discord_chrome_50.pcap,discord
ubu_discord_chrome_11.pcap,discord
ubu_discord_chrome_46.pcap,discord
ubu_discord_chrome_85.pcap,discord
ubu_discord_chrome_127.pcap,discord
ubu_discord_chrome_131.pcap,discord
ubu_discord_chrome_93.pcap,discord
ubu_discord_chrome_3.pcap,discord
ubu_discord_chrome_111.pcap,discord
ubu_discord_chrome_146.pcap,discord
ubu_discord_chrome_150.pcap,discord
ubu_discord_chrome_107.pcap,discord
ubu_discord_chrome_31.pcap,discord
ubu_discord_chrome_89.pcap,discord
ubu_discord_chrome_66.pcap,discord
ubu_discord_chrome_70.pcap,discord
ubu_discord_chrome_27.pcap,discord
ubu_discord_chrome_94.pcap,discord
ubu_discord_chrome_136.pcap,discord
ubu_discord_chrome_120.pcap,discord
ubu_discord_chrome_82.pcap,discord
ubu_discord_chrome_41.pcap,discord
ubu_discord_chrome_16.pcap,discord
ubu_discord_chrome_8.pcap,discord
ubu_discord_chrome_57.pcap,discord
ubu_discord_chrome_20.pcap,discord
ubu_discord_chrome_98.pcap,discord
ubu_discord_chrome_77.pcap,discord
ubu_discord_chrome_61.pcap,discord
ubu_discord_chrome_36.pcap,discord
ubu_discord_chrome_100.pcap,discord
ubu_discord_chrome_141.pcap,discord
ubu_discord_chrome_116.pcap,discord
ubu_discord_chrome_4.pcap,discord
ubu_discord_chrome_5.pcap,discord
ubu_discord_chrome_117.pcap,discord
ubu_discord_chrome_140.pcap,discord
ubu_discord_chrome_101.pcap,discord
ubu_discord_chrome_37.pcap,discord
ubu_discord_chrome_60.pcap,discord
ubu_discord_chrome_76.pcap,discord
ubu_discord_chrome_21.pcap,discord
ubu_discord_chrome_56.pcap,discord
ubu_discord_chrome_9.pcap,discord
ubu_discord_chrome_17.pcap,discord
ubu_discord_chrome_40.pcap,discord
ubu_discord_chrome_83.pcap,discord
ubu_discord_chrome_121.pcap,discord
ubu_discord_chrome_137.pcap,discord
ubu_discord_chrome_95.pcap,discord
ubuntu_discord_firefox_114.pcap,discord
ubuntu_discord_firefox_48.pcap,discord
ubuntu_discord_firefox_143.pcap,discord
ubuntu_discord_firefox_102.pcap,discord
ubuntu_discord_firefox_25.pcap,discord
ubuntu_discord_firefox_72.pcap,discord
ubuntu_discord_firefox_64.pcap,discord
ubuntu_discord_firefox_7.pcap,discord
ubuntu_discord_firefox_33.pcap,discord
ubuntu_discord_firefox_118.pcap,discord
ubuntu_discord_firefox_44.pcap,discord
ubuntu_discord_firefox_13.pcap,discord
ubuntu_discord_firefox_52.pcap,discord
ubuntu_discord_firefox_29.pcap,discord
ubuntu_discord_firefox_91.pcap,discord
ubuntu_discord_firefox_122.pcap,discord
ubuntu_discord_firefox_68.pcap,discord
ubuntu_discord_firefox_134.pcap,discord
ubuntu_discord_firefox_87.pcap,discord
ubuntu_discord_firefox_69.pcap,discord
ubuntu_discord_firefox_135.pcap,discord
ubuntu_discord_firefox_86.pcap,discord
ubuntu_discord_firefox_90.pcap,discord
ubuntu_discord_firefox_123.pcap,discord
ubuntu_discord_firefox_28.pcap,discord
ubuntu_discord_firefox_53.pcap,discord
ubuntu_discord_firefox_12.pcap,discord
ubuntu_discord_firefox_119.pcap,discord
ubuntu_discord_firefox_45.pcap,discord
ubuntu_discord_firefox_32.pcap,discord
ubuntu_discord_firefox_65.pcap,discord
ubuntu_discord_firefox_139.pcap,discord
ubuntu_discord_firefox_6.pcap,discord
ubuntu_discord_firefox_73.pcap,discord
ubuntu_discord_firefox_24.pcap,discord
ubuntu_discord_firefox_103.pcap,discord
ubuntu_discord_firefox_142.pcap,discord
ubuntu_discord_firefox_115.pcap,discord
ubuntu_discord_firefox_49.pcap,discord
ubuntu_discord_firefox_42.pcap,discord
ubuntu_discord_firefox_149.pcap,discord
ubuntu_discord_firefox_15.pcap,discord
ubuntu_discord_firefox_108.pcap,discord
ubuntu_discord_firefox_54.pcap,discord
ubuntu_discord_firefox_78.pcap,discord
ubuntu_discord_firefox_97.pcap,discord
ubuntu_discord_firefox_124.pcap,discord
ubuntu_discord_firefox_132.pcap,discord
ubuntu_discord_firefox_81.pcap,discord
ubuntu_discord_firefox_39.pcap,discord
ubuntu_discord_firefox_112.pcap,discord
ubuntu_discord_firefox_145.pcap,discord
ubuntu_discord_firefox_19.pcap,discord
ubuntu_discord_firefox_104.pcap,discord
ubuntu_discord_firefox_58.pcap,discord
ubuntu_discord_firefox_23.pcap,discord
ubuntu_discord_firefox_74.pcap,discord
ubuntu_discord_firefox_128.pcap,discord
ubuntu_discord_firefox_62.pcap,discord
ubuntu_discord_firefox_1.pcap,discord
ubuntu_discord_firefox_35.pcap,discord
ubuntu_discord_firefox_34.pcap,discord
ubuntu_discord_firefox_63.pcap,discord
ubuntu_discord_firefox_75.pcap,discord
ubuntu_discord_firefox_129.pcap,discord
ubuntu_discord_firefox_22.pcap,discord
ubuntu_discord_firefox_105.pcap,discord
ubuntu_discord_firefox_59.pcap,discord
ubuntu_discord_firefox_144.pcap,discord
ubuntu_discord_firefox_18.pcap,discord
ubuntu_discord_firefox_113.pcap,discord
ubuntu_discord_firefox_38.pcap,discord
ubuntu_discord_firefox_133.pcap,discord
ubuntu_discord_firefox_80.pcap,discord
ubuntu_discord_firefox_79.pcap,discord
ubuntu_discord_firefox_96.pcap,discord
ubuntu_discord_firefox_125.pcap,discord
ubuntu_discord_firefox_109.pcap,discord
ubuntu_discord_firefox_55.pcap,discord
ubuntu_discord_firefox_148.pcap,discord
ubuntu_discord_firefox_14.pcap,discord
ubuntu_discord_firefox_43.pcap,discord
ubuntu_discord_firefox_83.pcap,discord
ubuntu_discord_firefox_130.pcap,discord
ubuntu_discord_firefox_126.pcap,discord
ubuntu_discord_firefox_95.pcap,discord
ubuntu_discord_firefox_56.pcap,discord
ubuntu_discord_firefox_17.pcap,discord
ubuntu_discord_firefox_40.pcap,discord
ubuntu_discord_firefox_37.pcap,discord
ubuntu_discord_firefox_3.pcap,discord
ubuntu_discord_firefox_60.pcap,discord
ubuntu_discord_firefox_99.pcap,discord
ubuntu_discord_firefox_76.pcap,discord
ubuntu_discord_firefox_21.pcap,discord
ubuntu_discord_firefox_106.pcap,discord
ubuntu_discord_firefox_147.pcap,discord
ubuntu_discord_firefox_110.pcap,discord
ubuntu_discord_firefox_111.pcap,discord
ubuntu_discord_firefox_146.pcap,discord
ubuntu_discord_firefox_150.pcap,discord
ubuntu_discord_firefox_107.pcap,discord
ubuntu_discord_firefox_20.pcap,discord
ubuntu_discord_firefox_98.pcap,discord
ubuntu_discord_firefox_77.pcap,discord
ubuntu_discord_firefox_2.pcap,discord
ubuntu_discord_firefox_61.pcap,discord
ubuntu_discord_firefox_36.pcap,discord
ubuntu_discord_firefox_41.pcap,discord
ubuntu_discord_firefox_16.pcap,discord
ubuntu_discord_firefox_57.pcap,discord
ubuntu_discord_firefox_127.pcap,discord
ubuntu_discord_firefox_94.pcap,discord
ubuntu_discord_firefox_82.pcap,discord
ubuntu_discord_firefox_131.pcap,discord
ubuntu_discord_firefox_31.pcap,discord
ubuntu_discord_firefox_5.pcap,discord
ubuntu_discord_firefox_89.pcap,discord
ubuntu_discord_firefox_66.pcap,discord
ubuntu_discord_firefox_70.pcap,discord
ubuntu_discord_firefox_27.pcap,discord
ubuntu_discord_firefox_100.pcap,discord
ubuntu_discord_firefox_141.pcap,discord
ubuntu_discord_firefox_116.pcap,discord
ubuntu_discord_firefox_85.pcap,discord
ubuntu_discord_firefox_136.pcap,discord
ubuntu_discord_firefox_9.pcap,discord
ubuntu_discord_firefox_120.pcap,discord
ubuntu_discord_firefox_93.pcap,discord
ubuntu_discord_firefox_50.pcap,discord
ubuntu_discord_firefox_11.pcap,discord
ubuntu_discord_firefox_46.pcap,discord
ubuntu_discord_firefox_47.pcap,discord
ubuntu_discord_firefox_10.pcap,discord
ubuntu_discord_firefox_51.pcap,discord
ubuntu_discord_firefox_121.pcap,discord
ubuntu_discord_firefox_92.pcap,discord
ubuntu_discord_firefox_84.pcap,discord
ubuntu_discord_firefox_137.pcap,discord
ubuntu_discord_firefox_8.pcap,discord
ubuntu_discord_firefox_117.pcap,discord
ubuntu_discord_firefox_140.pcap,discord
ubuntu_discord_firefox_101.pcap,discord
ubuntu_discord_firefox_26.pcap,discord
ubuntu_discord_firefox_71.pcap,discord
ubuntu_discord_firefox_4.pcap,discord
ubuntu_discord_firefox_88.pcap,discord
ubuntu_discord_firefox_67.pcap,discord
ubuntu_discord_firefox_30.pcap,discord
mac_obscura_chrome_129.pcap,torkameleon
mac_obscura_chrome_144.pcap,torkameleon
mac_obscura_chrome_27.pcap,torkameleon
mac_obscura_chrome_113.pcap,torkameleon
mac_obscura_chrome_5.pcap,torkameleon
mac_obscura_chrome_70.pcap,torkameleon
mac_obscura_chrome_105.pcap,torkameleon
mac_obscura_chrome_89.pcap,torkameleon
mac_obscura_chrome_66.pcap,torkameleon
mac_obscura_chrome_31.pcap,torkameleon
mac_obscura_chrome_46.pcap,torkameleon
mac_obscura_chrome_125.pcap,torkameleon
mac_obscura_chrome_11.pcap,torkameleon
mac_obscura_chrome_50.pcap,torkameleon
mac_obscura_chrome_133.pcap,torkameleon
mac_obscura_chrome_148.pcap,torkameleon
mac_obscura_chrome_93.pcap,torkameleon
mac_obscura_chrome_9.pcap,torkameleon
mac_obscura_chrome_85.pcap,torkameleon
mac_obscura_chrome_109.pcap,torkameleon
mac_obscura_chrome_108.pcap,torkameleon
mac_obscura_chrome_84.pcap,torkameleon
mac_obscura_chrome_8.pcap,torkameleon
mac_obscura_chrome_92.pcap,torkameleon
mac_obscura_chrome_149.pcap,torkameleon
mac_obscura_chrome_132.pcap,torkameleon
mac_obscura_chrome_51.pcap,torkameleon
mac_obscura_chrome_10.pcap,torkameleon
mac_obscura_chrome_124.pcap,torkameleon
mac_obscura_chrome_47.pcap,torkameleon
mac_obscura_chrome_30.pcap,torkameleon
mac_obscura_chrome_88.pcap,torkameleon
mac_obscura_chrome_67.pcap,torkameleon
mac_obscura_chrome_104.pcap,torkameleon
mac_obscura_chrome_71.pcap,torkameleon
mac_obscura_chrome_112.pcap,torkameleon
mac_obscura_chrome_4.pcap,torkameleon
mac_obscura_chrome_26.pcap,torkameleon
mac_obscura_chrome_145.pcap,torkameleon
mac_obscura_chrome_128.pcap,torkameleon
mac_obscura_chrome_40.pcap,torkameleon
mac_obscura_chrome_123.pcap,torkameleon
mac_obscura_chrome_17.pcap,torkameleon
mac_obscura_chrome_56.pcap,torkameleon
mac_obscura_chrome_135.pcap,torkameleon
mac_obscura_chrome_95.pcap,torkameleon
mac_obscura_chrome_119.pcap,torkameleon
mac_obscura_chrome_83.pcap,torkameleon
mac_obscura_chrome_139.pcap,torkameleon
mac_obscura_chrome_142.pcap,torkameleon
mac_obscura_chrome_21.pcap,torkameleon
mac_obscura_chrome_115.pcap,torkameleon
mac_obscura_chrome_3.pcap,torkameleon
mac_obscura_chrome_99.pcap,torkameleon
mac_obscura_chrome_76.pcap,torkameleon
mac_obscura_chrome_103.pcap,torkameleon
mac_obscura_chrome_60.pcap,torkameleon
mac_obscura_chrome_37.pcap,torkameleon
mac_obscura_chrome_36.pcap,torkameleon
mac_obscura_chrome_61.pcap,torkameleon
mac_obscura_chrome_102.pcap,torkameleon
mac_obscura_chrome_98.pcap,torkameleon
mac_obscura_chrome_77.pcap,torkameleon
mac_obscura_chrome_114.pcap,torkameleon
mac_obscura_chrome_2.pcap,torkameleon
mac_obscura_chrome_20.pcap,torkameleon
mac_obscura_chrome_143.pcap,torkameleon
mac_obscura_chrome_138.pcap,torkameleon
mac_obscura_chrome_82.pcap,torkameleon
mac_obscura_chrome_118.pcap,torkameleon
mac_obscura_chrome_94.pcap,torkameleon
mac_obscura_chrome_134.pcap,torkameleon
mac_obscura_chrome_57.pcap,torkameleon
mac_obscura_chrome_16.pcap,torkameleon
mac_obscura_chrome_122.pcap,torkameleon
mac_obscura_chrome_41.pcap,torkameleon
mac_obscura_chrome_39.pcap,torkameleon
mac_obscura_chrome_81.pcap,torkameleon
mac_obscura_chrome_78.pcap,torkameleon
mac_obscura_chrome_97.pcap,torkameleon
mac_obscura_chrome_137.pcap,torkameleon
mac_obscura_chrome_54.pcap,torkameleon
mac_obscura_chrome_15.pcap,torkameleon
mac_obscura_chrome_121.pcap,torkameleon
mac_obscura_chrome_42.pcap,torkameleon
mac_obscura_chrome_35.pcap,torkameleon
mac_obscura_chrome_62.pcap,torkameleon
mac_obscura_chrome_101.pcap,torkameleon
mac_obscura_chrome_74.pcap,torkameleon
mac_obscura_chrome_1.pcap,torkameleon
mac_obscura_chrome_117.pcap,torkameleon
mac_obscura_chrome_23.pcap,torkameleon
mac_obscura_chrome_140.pcap,torkameleon
mac_obscura_chrome_58.pcap,torkameleon
mac_obscura_chrome_19.pcap,torkameleon
mac_obscura_chrome_18.pcap,torkameleon
mac_obscura_chrome_59.pcap,torkameleon
mac_obscura_chrome_141.pcap,torkameleon
mac_obscura_chrome_22.pcap,torkameleon
mac_obscura_chrome_116.pcap,torkameleon
mac_obscura_chrome_75.pcap,torkameleon
mac_obscura_chrome_100.pcap,torkameleon
mac_obscura_chrome_63.pcap,torkameleon
mac_obscura_chrome_34.pcap,torkameleon
mac_obscura_chrome_43.pcap,torkameleon
mac_obscura_chrome_120.pcap,torkameleon
mac_obscura_chrome_14.pcap,torkameleon
mac_obscura_chrome_55.pcap,torkameleon
mac_obscura_chrome_136.pcap,torkameleon
mac_obscura_chrome_79.pcap,torkameleon
mac_obscura_chrome_96.pcap,torkameleon
mac_obscura_chrome_80.pcap,torkameleon
mac_obscura_chrome_38.pcap,torkameleon
mac_obscura_chrome_33.pcap,torkameleon
mac_obscura_chrome_150.pcap,torkameleon
mac_obscura_chrome_64.pcap,torkameleon
mac_obscura_chrome_107.pcap,torkameleon
mac_obscura_chrome_72.pcap,torkameleon
mac_obscura_chrome_7.pcap,torkameleon
mac_obscura_chrome_111.pcap,torkameleon
mac_obscura_chrome_25.pcap,torkameleon
mac_obscura_chrome_146.pcap,torkameleon
mac_obscura_chrome_48.pcap,torkameleon
mac_obscura_chrome_68.pcap,torkameleon
mac_obscura_chrome_87.pcap,torkameleon
mac_obscura_chrome_91.pcap,torkameleon
mac_obscura_chrome_29.pcap,torkameleon
mac_obscura_chrome_131.pcap,torkameleon
mac_obscura_chrome_52.pcap,torkameleon
mac_obscura_chrome_13.pcap,torkameleon
mac_obscura_chrome_127.pcap,torkameleon
mac_obscura_chrome_44.pcap,torkameleon
mac_obscura_chrome_45.pcap,torkameleon
mac_obscura_chrome_126.pcap,torkameleon
mac_obscura_chrome_12.pcap,torkameleon
mac_obscura_chrome_53.pcap,torkameleon
mac_obscura_chrome_130.pcap,torkameleon
mac_obscura_chrome_28.pcap,torkameleon
mac_obscura_chrome_90.pcap,torkameleon
mac_obscura_chrome_69.pcap,torkameleon
mac_obscura_chrome_86.pcap,torkameleon
mac_obscura_chrome_49.pcap,torkameleon
mac_obscura_chrome_147.pcap,torkameleon
mac_obscura_chrome_24.pcap,torkameleon
mac_obscura_chrome_6.pcap,torkameleon
mac_obscura_chrome_110.pcap,torkameleon
mac_obscura_chrome_73.pcap,torkameleon
mac_obscura_chrome_106.pcap,torkameleon
mac_obscura_chrome_65.pcap,torkameleon
mac_obscura_chrome_32.pcap,torkameleon
mac_obscura_firefox_115.pcap,torkameleon
mac_obscura_firefox_142.pcap,torkameleon
mac_obscura_firefox_103.pcap,torkameleon
mac_obscura_firefox_71.pcap,torkameleon
mac_obscura_firefox_26.pcap,torkameleon
mac_obscura_firefox_139.pcap,torkameleon
mac_obscura_firefox_30.pcap,torkameleon
mac_obscura_firefox_88.pcap,torkameleon
mac_obscura_firefox_67.pcap,torkameleon
mac_obscura_firefox_10.pcap,torkameleon
mac_obscura_firefox_119.pcap,torkameleon
mac_obscura_firefox_47.pcap,torkameleon
mac_obscura_firefox_51.pcap,torkameleon
mac_obscura_firefox_92.pcap,torkameleon
mac_obscura_firefox_1.pcap,torkameleon
mac_obscura_firefox_123.pcap,torkameleon
mac_obscura_firefox_135.pcap,torkameleon
mac_obscura_firefox_84.pcap,torkameleon
mac_obscura_firefox_85.pcap,torkameleon
mac_obscura_firefox_134.pcap,torkameleon
mac_obscura_firefox_122.pcap,torkameleon
mac_obscura_firefox_93.pcap,torkameleon
mac_obscura_firefox_50.pcap,torkameleon
mac_obscura_firefox_46.pcap,torkameleon
mac_obscura_firefox_118.pcap,torkameleon
mac_obscura_firefox_11.pcap,torkameleon
mac_obscura_firefox_89.pcap,torkameleon
mac_obscura_firefox_66.pcap,torkameleon
mac_obscura_firefox_31.pcap,torkameleon
mac_obscura_firefox_138.pcap,torkameleon
mac_obscura_firefox_27.pcap,torkameleon
mac_obscura_firefox_70.pcap,torkameleon
mac_obscura_firefox_102.pcap,torkameleon
mac_obscura_firefox_143.pcap,torkameleon
mac_obscura_firefox_114.pcap,torkameleon
mac_obscura_firefox_16.pcap,torkameleon
mac_obscura_firefox_41.pcap,torkameleon
mac_obscura_firefox_148.pcap,torkameleon
mac_obscura_firefox_57.pcap,torkameleon
mac_obscura_firefox_109.pcap,torkameleon
mac_obscura_firefox_94.pcap,torkameleon
mac_obscura_firefox_7.pcap,torkameleon
mac_obscura_firefox_125.pcap,torkameleon
mac_obscura_firefox_133.pcap,torkameleon
mac_obscura_firefox_82.pcap,torkameleon
mac_obscura_firefox_113.pcap,torkameleon
mac_obscura_firefox_144.pcap,torkameleon
mac_obscura_firefox_105.pcap,torkameleon
mac_obscura_firefox_98.pcap,torkameleon
mac_obscura_firefox_77.pcap,torkameleon
mac_obscura_firefox_129.pcap,torkameleon
mac_obscura_firefox_20.pcap,torkameleon
mac_obscura_firefox_36.pcap,torkameleon
mac_obscura_firefox_61.pcap,torkameleon
mac_obscura_firefox_60.pcap,torkameleon
mac_obscura_firefox_37.pcap,torkameleon
mac_obscura_firefox_21.pcap,torkameleon
mac_obscura_firefox_128.pcap,torkameleon
mac_obscura_firefox_99.pcap,torkameleon
mac_obscura_firefox_76.pcap,torkameleon
mac_obscura_firefox_104.pcap,torkameleon
mac_obscura_firefox_145.pcap,torkameleon
mac_obscura_firefox_112.pcap,torkameleon
mac_obscura_firefox_83.pcap,torkameleon
mac_obscura_firefox_132.pcap,torkameleon
mac_obscura_firefox_124.pcap,torkameleon
mac_obscura_firefox_6.pcap,torkameleon
mac_obscura_firefox_95.pcap,torkameleon
mac_obscura_firefox_108.pcap,torkameleon
mac_obscura_firefox_56.pcap,torkameleon
mac_obscura_firefox_149.pcap,torkameleon
mac_obscura_firefox_40.pcap,torkameleon
mac_obscura_firefox_17.pcap,torkameleon
mac_obscura_firefox_80.pcap,torkameleon
mac_obscura_firefox_131.pcap,torkameleon
mac_obscura_firefox_38.pcap,torkameleon
mac_obscura_firefox_127.pcap,torkameleon
mac_obscura_firefox_5.pcap,torkameleon
mac_obscura_firefox_79.pcap,torkameleon
mac_obscura_firefox_96.pcap,torkameleon
mac_obscura_firefox_55.pcap,torkameleon
mac_obscura_firefox_43.pcap,torkameleon
mac_obscura_firefox_14.pcap,torkameleon
mac_obscura_firefox_63.pcap,torkameleon
mac_obscura_firefox_34.pcap,torkameleon
mac_obscura_firefox_22.pcap,torkameleon
mac_obscura_firefox_9.pcap,torkameleon
mac_obscura_firefox_75.pcap,torkameleon
mac_obscura_firefox_107.pcap,torkameleon
mac_obscura_firefox_59.pcap,torkameleon
mac_obscura_firefox_150.pcap,torkameleon
mac_obscura_firefox_146.pcap,torkameleon
mac_obscura_firefox_18.pcap,torkameleon
mac_obscura_firefox_111.pcap,torkameleon
mac_obscura_firefox_110.pcap,torkameleon
mac_obscura_firefox_19.pcap,torkameleon
mac_obscura_firefox_147.pcap,torkameleon
mac_obscura_firefox_58.pcap,torkameleon
mac_obscura_firefox_106.pcap,torkameleon
mac_obscura_firefox_74.pcap,torkameleon
mac_obscura_firefox_23.pcap,torkameleon
mac_obscura_firefox_8.pcap,torkameleon
mac_obscura_firefox_35.pcap,torkameleon
mac_obscura_firefox_62.pcap,torkameleon
mac_obscura_firefox_15.pcap,torkameleon
mac_obscura_firefox_42.pcap,torkameleon
mac_obscura_firefox_54.pcap,torkameleon
mac_obscura_firefox_78.pcap,torkameleon
mac_obscura_firefox_97.pcap,torkameleon
mac_obscura_firefox_4.pcap,torkameleon
mac_obscura_firefox_126.pcap,torkameleon
mac_obscura_firefox_39.pcap,torkameleon
mac_obscura_firefox_130.pcap,torkameleon
mac_obscura_firefox_81.pcap,torkameleon
mac_obscura_firefox_65.pcap,torkameleon
mac_obscura_firefox_32.pcap,torkameleon
mac_obscura_firefox_24.pcap,torkameleon
mac_obscura_firefox_73.pcap,torkameleon
mac_obscura_firefox_101.pcap,torkameleon
mac_obscura_firefox_49.pcap,torkameleon
mac_obscura_firefox_140.pcap,torkameleon
mac_obscura_firefox_117.pcap,torkameleon
mac_obscura_firefox_69.pcap,torkameleon
mac_obscura_firefox_86.pcap,torkameleon
mac_obscura_firefox_137.pcap,torkameleon
mac_obscura_firefox_121.pcap,torkameleon
mac_obscura_firefox_28.pcap,torkameleon
mac_obscura_firefox_3.pcap,torkameleon
mac_obscura_firefox_90.pcap,torkameleon
mac_obscura_firefox_53.pcap,torkameleon
mac_obscura_firefox_45.pcap,torkameleon
mac_obscura_firefox_12.pcap,torkameleon
mac_obscura_firefox_13.pcap,torkameleon
mac_obscura_firefox_44.pcap,torkameleon
mac_obscura_firefox_52.pcap,torkameleon
mac_obscura_firefox_91.pcap,torkameleon
mac_obscura_firefox_29.pcap,torkameleon
mac_obscura_firefox_2.pcap,torkameleon
mac_obscura_firefox_120.pcap,torkameleon
mac_obscura_firefox_136.pcap,torkameleon
mac_obscura_firefox_68.pcap,torkameleon
mac_obscura_firefox_87.pcap,torkameleon
mac_obscura_firefox_116.pcap,torkameleon
mac_obscura_firefox_141.pcap,torkameleon
mac_obscura_firefox_48.pcap,torkameleon
mac_obscura_firefox_100.pcap,torkameleon
mac_obscura_firefox_72.pcap,torkameleon
mac_obscura_firefox_25.pcap,torkameleon
mac_obscura_firefox_33.pcap,torkameleon
mac_obscura_firefox_64.pcap,torkameleon
ubuntu_obscura_chrome_40.pcap,torkameleon
ubuntu_obscura_chrome_17.pcap,torkameleon
ubuntu_obscura_chrome_56.pcap,torkameleon
ubuntu_obscura_chrome_131.pcap,torkameleon
ubuntu_obscura_chrome_95.pcap,torkameleon
ubuntu_obscura_chrome_83.pcap,torkameleon
ubuntu_obscura_chrome_127.pcap,torkameleon
ubuntu_obscura_chrome_150.pcap,torkameleon
ubuntu_obscura_chrome_107.pcap,torkameleon
ubuntu_obscura_chrome_111.pcap,torkameleon
ubuntu_obscura_chrome_146.pcap,torkameleon
ubuntu_obscura_chrome_21.pcap,torkameleon
ubuntu_obscura_chrome_76.pcap,torkameleon
ubuntu_obscura_chrome_99.pcap,torkameleon
ubuntu_obscura_chrome_60.pcap,torkameleon
ubuntu_obscura_chrome_37.pcap,torkameleon
ubuntu_obscura_chrome_3.pcap,torkameleon
ubuntu_obscura_chrome_2.pcap,torkameleon
ubuntu_obscura_chrome_36.pcap,torkameleon
ubuntu_obscura_chrome_61.pcap,torkameleon
ubuntu_obscura_chrome_77.pcap,torkameleon
ubuntu_obscura_chrome_98.pcap,torkameleon
ubuntu_obscura_chrome_20.pcap,torkameleon
ubuntu_obscura_chrome_147.pcap,torkameleon
ubuntu_obscura_chrome_110.pcap,torkameleon
ubuntu_obscura_chrome_106.pcap,torkameleon
ubuntu_obscura_chrome_126.pcap,torkameleon
ubuntu_obscura_chrome_82.pcap,torkameleon
ubuntu_obscura_chrome_94.pcap,torkameleon
ubuntu_obscura_chrome_130.pcap,torkameleon
ubuntu_obscura_chrome_57.pcap,torkameleon
ubuntu_obscura_chrome_16.pcap,torkameleon
ubuntu_obscura_chrome_41.pcap,torkameleon
ubuntu_obscura_chrome_101.pcap,torkameleon
ubuntu_obscura_chrome_117.pcap,torkameleon
ubuntu_obscura_chrome_140.pcap,torkameleon
ubuntu_obscura_chrome_27.pcap,torkameleon
ubuntu_obscura_chrome_70.pcap,torkameleon
ubuntu_obscura_chrome_66.pcap,torkameleon
ubuntu_obscura_chrome_89.pcap,torkameleon
ubuntu_obscura_chrome_31.pcap,torkameleon
ubuntu_obscura_chrome_5.pcap,torkameleon
ubuntu_obscura_chrome_46.pcap,torkameleon
ubuntu_obscura_chrome_11.pcap,torkameleon
ubuntu_obscura_chrome_50.pcap,torkameleon
ubuntu_obscura_chrome_137.pcap,torkameleon
ubuntu_obscura_chrome_93.pcap,torkameleon
ubuntu_obscura_chrome_85.pcap,torkameleon
ubuntu_obscura_chrome_9.pcap,torkameleon
ubuntu_obscura_chrome_121.pcap,torkameleon
ubuntu_obscura_chrome_120.pcap,torkameleon
ubuntu_obscura_chrome_8.pcap,torkameleon
ubuntu_obscura_chrome_84.pcap,torkameleon
ubuntu_obscura_chrome_92.pcap,torkameleon
ubuntu_obscura_chrome_136.pcap,torkameleon
ubuntu_obscura_chrome_51.pcap,torkameleon
ubuntu_obscura_chrome_10.pcap,torkameleon
ubuntu_obscura_chrome_47.pcap,torkameleon
ubuntu_obscura_chrome_4.pcap,torkameleon
ubuntu_obscura_chrome_30.pcap,torkameleon
ubuntu_obscura_chrome_67.pcap,torkameleon
ubuntu_obscura_chrome_88.pcap,torkameleon
ubuntu_obscura_chrome_71.pcap,torkameleon
ubuntu_obscura_chrome_26.pcap,torkameleon
ubuntu_obscura_chrome_141.pcap,torkameleon
ubuntu_obscura_chrome_116.pcap,torkameleon
ubuntu_obscura_chrome_100.pcap,torkameleon
ubuntu_obscura_chrome_7.pcap,torkameleon
ubuntu_obscura_chrome_33.pcap,torkameleon
ubuntu_obscura_chrome_64.pcap,torkameleon
ubuntu_obscura_chrome_72.pcap,torkameleon
ubuntu_obscura_chrome_139.pcap,torkameleon
ubuntu_obscura_chrome_25.pcap,torkameleon
ubuntu_obscura_chrome_142.pcap,torkameleon
ubuntu_obscura_chrome_115.pcap,torkameleon
ubuntu_obscura_chrome_103.pcap,torkameleon
ubuntu_obscura_chrome_48.pcap,torkameleon
ubuntu_obscura_chrome_123.pcap,torkameleon
ubuntu_obscura_chrome_87.pcap,torkameleon
ubuntu_obscura_chrome_68.pcap,torkameleon
ubuntu_obscura_chrome_91.pcap,torkameleon
ubuntu_obscura_chrome_29.pcap,torkameleon
ubuntu_obscura_chrome_135.pcap,torkameleon
ubuntu_obscura_chrome_52.pcap,torkameleon
ubuntu_obscura_chrome_119.pcap,torkameleon
ubuntu_obscura_chrome_13.pcap,torkameleon
ubuntu_obscura_chrome_44.pcap,torkameleon
ubuntu_obscura_chrome_45.pcap,torkameleon
ubuntu_obscura_chrome_12.pcap,torkameleon
ubuntu_obscura_chrome_118.pcap,torkameleon
ubuntu_obscura_chrome_53.pcap,torkameleon
ubuntu_obscura_chrome_28.pcap,torkameleon
ubuntu_obscura_chrome_134.pcap,torkameleon
ubuntu_obscura_chrome_90.pcap,torkameleon
ubuntu_obscura_chrome_86.pcap,torkameleon
ubuntu_obscura_chrome_69.pcap,torkameleon
ubuntu_obscura_chrome_122.pcap,torkameleon
ubuntu_obscura_chrome_49.pcap,torkameleon
ubuntu_obscura_chrome_102.pcap,torkameleon
ubuntu_obscura_chrome_114.pcap,torkameleon
ubuntu_obscura_chrome_143.pcap,torkameleon
ubuntu_obscura_chrome_138.pcap,torkameleon
ubuntu_obscura_chrome_24.pcap,torkameleon
ubuntu_obscura_chrome_73.pcap,torkameleon
ubuntu_obscura_chrome_65.pcap,torkameleon
ubuntu_obscura_chrome_32.pcap,torkameleon
ubuntu_obscura_chrome_6.pcap,torkameleon
ubuntu_obscura_chrome_125.pcap,torkameleon
ubuntu_obscura_chrome_39.pcap,torkameleon
ubuntu_obscura_chrome_81.pcap,torkameleon
ubuntu_obscura_chrome_97.pcap,torkameleon
ubuntu_obscura_chrome_78.pcap,torkameleon
ubuntu_obscura_chrome_133.pcap,torkameleon
ubuntu_obscura_chrome_54.pcap,torkameleon
ubuntu_obscura_chrome_148.pcap,torkameleon
ubuntu_obscura_chrome_15.pcap,torkameleon
ubuntu_obscura_chrome_109.pcap,torkameleon
ubuntu_obscura_chrome_42.pcap,torkameleon
ubuntu_obscura_chrome_1.pcap,torkameleon
ubuntu_obscura_chrome_35.pcap,torkameleon
ubuntu_obscura_chrome_129.pcap,torkameleon
ubuntu_obscura_chrome_62.pcap,torkameleon
ubuntu_obscura_chrome_74.pcap,torkameleon
ubuntu_obscura_chrome_23.pcap,torkameleon
ubuntu_obscura_chrome_144.pcap,torkameleon
ubuntu_obscura_chrome_58.pcap,torkameleon
ubuntu_obscura_chrome_113.pcap,torkameleon
ubuntu_obscura_chrome_105.pcap,torkameleon
ubuntu_obscura_chrome_19.pcap,torkameleon
ubuntu_obscura_chrome_104.pcap,torkameleon
ubuntu_obscura_chrome_18.pcap,torkameleon
ubuntu_obscura_chrome_112.pcap,torkameleon
ubuntu_obscura_chrome_145.pcap,torkameleon
ubuntu_obscura_chrome_59.pcap,torkameleon
ubuntu_obscura_chrome_22.pcap,torkameleon
ubuntu_obscura_chrome_75.pcap,torkameleon
ubuntu_obscura_chrome_63.pcap,torkameleon
ubuntu_obscura_chrome_34.pcap,torkameleon
ubuntu_obscura_chrome_128.pcap,torkameleon
ubuntu_obscura_chrome_43.pcap,torkameleon
ubuntu_obscura_chrome_14.pcap,torkameleon
ubuntu_obscura_chrome_108.pcap,torkameleon
ubuntu_obscura_chrome_55.pcap,torkameleon
ubuntu_obscura_chrome_149.pcap,torkameleon
ubuntu_obscura_chrome_132.pcap,torkameleon
ubuntu_obscura_chrome_96.pcap,torkameleon
ubuntu_obscura_chrome_79.pcap,torkameleon
ubuntu_obscura_chrome_80.pcap,torkameleon
ubuntu_obscura_chrome_124.pcap,torkameleon
ubuntu_obscura_chrome_38.pcap,torkameleon
ubuntu_obscura_firefox_69.pcap,torkameleon
ubuntu_obscura_firefox_111.pcap,torkameleon
ubuntu_obscura_firefox_86.pcap,torkameleon
ubuntu_obscura_firefox_146.pcap,torkameleon
ubuntu_obscura_firefox_28.pcap,torkameleon
ubuntu_obscura_firefox_150.pcap,torkameleon
ubuntu_obscura_firefox_90.pcap,torkameleon
ubuntu_obscura_firefox_107.pcap,torkameleon
ubuntu_obscura_firefox_53.pcap,torkameleon
ubuntu_obscura_firefox_7.pcap,torkameleon
ubuntu_obscura_firefox_45.pcap,torkameleon
ubuntu_obscura_firefox_12.pcap,torkameleon
ubuntu_obscura_firefox_65.pcap,torkameleon
ubuntu_obscura_firefox_32.pcap,torkameleon
ubuntu_obscura_firefox_24.pcap,torkameleon
ubuntu_obscura_firefox_73.pcap,torkameleon
ubuntu_obscura_firefox_127.pcap,torkameleon
ubuntu_obscura_firefox_131.pcap,torkameleon
ubuntu_obscura_firefox_49.pcap,torkameleon
ubuntu_obscura_firefox_130.pcap,torkameleon
ubuntu_obscura_firefox_48.pcap,torkameleon
ubuntu_obscura_firefox_126.pcap,torkameleon
ubuntu_obscura_firefox_72.pcap,torkameleon
ubuntu_obscura_firefox_25.pcap,torkameleon
ubuntu_obscura_firefox_33.pcap,torkameleon
ubuntu_obscura_firefox_64.pcap,torkameleon
ubuntu_obscura_firefox_13.pcap,torkameleon
ubuntu_obscura_firefox_44.pcap,torkameleon
ubuntu_obscura_firefox_6.pcap,torkameleon
ubuntu_obscura_firefox_52.pcap,torkameleon
ubuntu_obscura_firefox_91.pcap,torkameleon
ubuntu_obscura_firefox_106.pcap,torkameleon
ubuntu_obscura_firefox_29.pcap,torkameleon
ubuntu_obscura_firefox_147.pcap,torkameleon
ubuntu_obscura_firefox_68.pcap,torkameleon
ubuntu_obscura_firefox_110.pcap,torkameleon
ubuntu_obscura_firefox_87.pcap,torkameleon
ubuntu_obscura_firefox_63.pcap,torkameleon
ubuntu_obscura_firefox_34.pcap,torkameleon
ubuntu_obscura_firefox_22.pcap,torkameleon
ubuntu_obscura_firefox_75.pcap,torkameleon
ubuntu_obscura_firefox_121.pcap,torkameleon
ubuntu_obscura_firefox_59.pcap,torkameleon
ubuntu_obscura_firefox_137.pcap,torkameleon
ubuntu_obscura_firefox_18.pcap,torkameleon
ubuntu_obscura_firefox_80.pcap,torkameleon
ubuntu_obscura_firefox_117.pcap,torkameleon
ubuntu_obscura_firefox_38.pcap,torkameleon
ubuntu_obscura_firefox_140.pcap,torkameleon
ubuntu_obscura_firefox_79.pcap,torkameleon
ubuntu_obscura_firefox_101.pcap,torkameleon
ubuntu_obscura_firefox_96.pcap,torkameleon
ubuntu_obscura_firefox_55.pcap,torkameleon
ubuntu_obscura_firefox_1.pcap,torkameleon
ubuntu_obscura_firefox_43.pcap,torkameleon
ubuntu_obscura_firefox_14.pcap,torkameleon
ubuntu_obscura_firefox_15.pcap,torkameleon
ubuntu_obscura_firefox_42.pcap,torkameleon
ubuntu_obscura_firefox_54.pcap,torkameleon
ubuntu_obscura_firefox_78.pcap,torkameleon
ubuntu_obscura_firefox_100.pcap,torkameleon
ubuntu_obscura_firefox_97.pcap,torkameleon
ubuntu_obscura_firefox_39.pcap,torkameleon
ubuntu_obscura_firefox_141.pcap,torkameleon
ubuntu_obscura_firefox_81.pcap,torkameleon
ubuntu_obscura_firefox_116.pcap,torkameleon
ubuntu_obscura_firefox_19.pcap,torkameleon
ubuntu_obscura_firefox_136.pcap,torkameleon
ubuntu_obscura_firefox_120.pcap,torkameleon
ubuntu_obscura_firefox_58.pcap,torkameleon
ubuntu_obscura_firefox_74.pcap,torkameleon
ubuntu_obscura_firefox_23.pcap,torkameleon
ubuntu_obscura_firefox_35.pcap,torkameleon
ubuntu_obscura_firefox_62.pcap,torkameleon
ubuntu_obscura_firefox_135.pcap,torkameleon
ubuntu_obscura_firefox_123.pcap,torkameleon
ubuntu_obscura_firefox_98.pcap,torkameleon
ubuntu_obscura_firefox_77.pcap,torkameleon
ubuntu_obscura_firefox_20.pcap,torkameleon
ubuntu_obscura_firefox_36.pcap,torkameleon
ubuntu_obscura_firefox_119.pcap,torkameleon
ubuntu_obscura_firefox_61.pcap,torkameleon
ubuntu_obscura_firefox_16.pcap,torkameleon
ubuntu_obscura_firefox_41.pcap,torkameleon
ubuntu_obscura_firefox_139.pcap,torkameleon
ubuntu_obscura_firefox_3.pcap,torkameleon
ubuntu_obscura_firefox_57.pcap,torkameleon
ubuntu_obscura_firefox_103.pcap,torkameleon
ubuntu_obscura_firefox_94.pcap,torkameleon
ubuntu_obscura_firefox_142.pcap,torkameleon
ubuntu_obscura_firefox_82.pcap,torkameleon
ubuntu_obscura_firefox_115.pcap,torkameleon
ubuntu_obscura_firefox_83.pcap,torkameleon
ubuntu_obscura_firefox_114.pcap,torkameleon
ubuntu_obscura_firefox_143.pcap,torkameleon
ubuntu_obscura_firefox_102.pcap,torkameleon
ubuntu_obscura_firefox_95.pcap,torkameleon
ubuntu_obscura_firefox_56.pcap,torkameleon
ubuntu_obscura_firefox_2.pcap,torkameleon
ubuntu_obscura_firefox_40.pcap,torkameleon
ubuntu_obscura_firefox_138.pcap,torkameleon
ubuntu_obscura_firefox_17.pcap,torkameleon
ubuntu_obscura_firefox_118.pcap,torkameleon
ubuntu_obscura_firefox_60.pcap,torkameleon
ubuntu_obscura_firefox_37.pcap,torkameleon
ubuntu_obscura_firefox_21.pcap,torkameleon
ubuntu_obscura_firefox_99.pcap,torkameleon
ubuntu_obscura_firefox_76.pcap,torkameleon
ubuntu_obscura_firefox_122.pcap,torkameleon
ubuntu_obscura_firefox_134.pcap,torkameleon
ubuntu_obscura_firefox_10.pcap,torkameleon
ubuntu_obscura_firefox_47.pcap,torkameleon
ubuntu_obscura_firefox_5.pcap,torkameleon
ubuntu_obscura_firefox_51.pcap,torkameleon
ubuntu_obscura_firefox_129.pcap,torkameleon
ubuntu_obscura_firefox_92.pcap,torkameleon
ubuntu_obscura_firefox_105.pcap,torkameleon
ubuntu_obscura_firefox_144.pcap,torkameleon
ubuntu_obscura_firefox_113.pcap,torkameleon
ubuntu_obscura_firefox_84.pcap,torkameleon
ubuntu_obscura_firefox_133.pcap,torkameleon
ubuntu_obscura_firefox_125.pcap,torkameleon
ubuntu_obscura_firefox_9.pcap,torkameleon
ubuntu_obscura_firefox_109.pcap,torkameleon
ubuntu_obscura_firefox_71.pcap,torkameleon
ubuntu_obscura_firefox_26.pcap,torkameleon
ubuntu_obscura_firefox_148.pcap,torkameleon
ubuntu_obscura_firefox_30.pcap,torkameleon
ubuntu_obscura_firefox_88.pcap,torkameleon
ubuntu_obscura_firefox_67.pcap,torkameleon
ubuntu_obscura_firefox_89.pcap,torkameleon
ubuntu_obscura_firefox_66.pcap,torkameleon
ubuntu_obscura_firefox_149.pcap,torkameleon
ubuntu_obscura_firefox_31.pcap,torkameleon
ubuntu_obscura_firefox_27.pcap,torkameleon
ubuntu_obscura_firefox_108.pcap,torkameleon
ubuntu_obscura_firefox_70.pcap,torkameleon
ubuntu_obscura_firefox_8.pcap,torkameleon
ubuntu_obscura_firefox_124.pcap,torkameleon
ubuntu_obscura_firefox_132.pcap,torkameleon
ubuntu_obscura_firefox_112.pcap,torkameleon
ubuntu_obscura_firefox_85.pcap,torkameleon
ubuntu_obscura_firefox_145.pcap,torkameleon
ubuntu_obscura_firefox_93.pcap,torkameleon
ubuntu_obscura_firefox_104.pcap,torkameleon
ubuntu_obscura_firefox_50.pcap,torkameleon
ubuntu_obscura_firefox_128.pcap,torkameleon
ubuntu_obscura_firefox_4.pcap,torkameleon
ubuntu_obscura_firefox_46.pcap,torkameleon
ubuntu_obscura_firefox_11.pcap,torkameleon
mac_webrtc_chrome_245.pcap,webrtc
mac_webrtc_chrome_183.pcap,webrtc
mac_webrtc_chrome_53.pcap,webrtc
mac_webrtc_chrome_212.pcap,webrtc
mac_webrtc_chrome_204.pcap,webrtc
mac_webrtc_chrome_12.pcap,webrtc
mac_webrtc_chrome_45.pcap,webrtc
mac_webrtc_chrome_195.pcap,webrtc
mac_webrtc_chrome_228.pcap,webrtc
mac_webrtc_chrome_101.pcap,webrtc
mac_webrtc_chrome_86.pcap,webrtc
mac_webrtc_chrome_69.pcap,webrtc
mac_webrtc_chrome_140.pcap,webrtc
mac_webrtc_chrome_90.pcap,webrtc
mac_webrtc_chrome_9.pcap,webrtc
mac_webrtc_chrome_117.pcap,webrtc
mac_webrtc_chrome_28.pcap,webrtc
mac_webrtc_chrome_160.pcap,webrtc
mac_webrtc_chrome_249.pcap,webrtc
mac_webrtc_chrome_137.pcap,webrtc
mac_webrtc_chrome_121.pcap,webrtc
mac_webrtc_chrome_208.pcap,webrtc
mac_webrtc_chrome_199.pcap,webrtc
mac_webrtc_chrome_49.pcap,webrtc
mac_webrtc_chrome_176.pcap,webrtc
mac_webrtc_chrome_32.pcap,webrtc
mac_webrtc_chrome_224.pcap,webrtc
mac_webrtc_chrome_65.pcap,webrtc
mac_webrtc_chrome_73.pcap,webrtc
mac_webrtc_chrome_24.pcap,webrtc
mac_webrtc_chrome_232.pcap,webrtc
mac_webrtc_chrome_5.pcap,webrtc
mac_webrtc_chrome_233.pcap,webrtc
mac_webrtc_chrome_4.pcap,webrtc
mac_webrtc_chrome_25.pcap,webrtc
mac_webrtc_chrome_72.pcap,webrtc
mac_webrtc_chrome_64.pcap,webrtc
mac_webrtc_chrome_225.pcap,webrtc
mac_webrtc_chrome_33.pcap,webrtc
mac_webrtc_chrome_198.pcap,webrtc
mac_webrtc_chrome_48.pcap,webrtc
mac_webrtc_chrome_177.pcap,webrtc
mac_webrtc_chrome_209.pcap,webrtc
mac_webrtc_chrome_120.pcap,webrtc
mac_webrtc_chrome_136.pcap,webrtc
mac_webrtc_chrome_248.pcap,webrtc
mac_webrtc_chrome_161.pcap,webrtc
mac_webrtc_chrome_116.pcap,webrtc
mac_webrtc_chrome_29.pcap,webrtc
mac_webrtc_chrome_8.pcap,webrtc
mac_webrtc_chrome_141.pcap,webrtc
mac_webrtc_chrome_91.pcap,webrtc
mac_webrtc_chrome_87.pcap,webrtc
mac_webrtc_chrome_157.pcap,webrtc
mac_webrtc_chrome_68.pcap,webrtc
mac_webrtc_chrome_100.pcap,webrtc
mac_webrtc_chrome_229.pcap,webrtc
mac_webrtc_chrome_44.pcap,webrtc
mac_webrtc_chrome_194.pcap,webrtc
mac_webrtc_chrome_13.pcap,webrtc
mac_webrtc_chrome_205.pcap,webrtc
mac_webrtc_chrome_213.pcap,webrtc
mac_webrtc_chrome_182.pcap,webrtc
mac_webrtc_chrome_52.pcap,webrtc
mac_webrtc_chrome_244.pcap,webrtc
mac_webrtc_chrome_59.pcap,webrtc
mac_webrtc_chrome_189.pcap,webrtc
mac_webrtc_chrome_166.pcap,webrtc
mac_webrtc_chrome_131.pcap,webrtc
mac_webrtc_chrome_218.pcap,webrtc
mac_webrtc_chrome_18.pcap,webrtc
mac_webrtc_chrome_127.pcap,webrtc
mac_webrtc_chrome_170.pcap,webrtc
mac_webrtc_chrome_34.pcap,webrtc
mac_webrtc_chrome_222.pcap,webrtc
mac_webrtc_chrome_63.pcap,webrtc
mac_webrtc_chrome_75.pcap,webrtc
mac_webrtc_chrome_22.pcap,webrtc
mac_webrtc_chrome_3.pcap,webrtc
mac_webrtc_chrome_234.pcap,webrtc
mac_webrtc_chrome_243.pcap,webrtc
mac_webrtc_chrome_185.pcap,webrtc
mac_webrtc_chrome_55.pcap,webrtc
mac_webrtc_chrome_214.pcap,webrtc
mac_webrtc_chrome_202.pcap,webrtc
mac_webrtc_chrome_14.pcap,webrtc
mac_webrtc_chrome_43.pcap,webrtc
mac_webrtc_chrome_193.pcap,webrtc
mac_webrtc_chrome_107.pcap,webrtc
mac_webrtc_chrome_38.pcap,webrtc
mac_webrtc_chrome_80.pcap,webrtc
mac_webrtc_chrome_150.pcap,webrtc
mac_webrtc_chrome_146.pcap,webrtc
mac_webrtc_chrome_96.pcap,webrtc
mac_webrtc_chrome_79.pcap,webrtc
mac_webrtc_chrome_238.pcap,webrtc
mac_webrtc_chrome_111.pcap,webrtc
mac_webrtc_chrome_110.pcap,webrtc
mac_webrtc_chrome_239.pcap,webrtc
mac_webrtc_chrome_147.pcap,webrtc
mac_webrtc_chrome_97.pcap,webrtc
mac_webrtc_chrome_78.pcap,webrtc
mac_webrtc_chrome_81.pcap,webrtc
mac_webrtc_chrome_151.pcap,webrtc
mac_webrtc_chrome_106.pcap,webrtc
mac_webrtc_chrome_39.pcap,webrtc
mac_webrtc_chrome_42.pcap,webrtc
mac_webrtc_chrome_192.pcap,webrtc
mac_webrtc_chrome_15.pcap,webrtc
mac_webrtc_chrome_203.pcap,webrtc
mac_webrtc_chrome_215.pcap,webrtc
mac_webrtc_chrome_184.pcap,webrtc
mac_webrtc_chrome_54.pcap,webrtc
mac_webrtc_chrome_242.pcap,webrtc
mac_webrtc_chrome_2.pcap,webrtc
mac_webrtc_chrome_235.pcap,webrtc
mac_webrtc_chrome_23.pcap,webrtc
mac_webrtc_chrome_74.pcap,webrtc
mac_webrtc_chrome_62.pcap,webrtc
mac_webrtc_chrome_223.pcap,webrtc
mac_webrtc_chrome_35.pcap,webrtc
mac_webrtc_chrome_171.pcap,webrtc
mac_webrtc_chrome_19.pcap,webrtc
mac_webrtc_chrome_126.pcap,webrtc
mac_webrtc_chrome_219.pcap,webrtc
mac_webrtc_chrome_130.pcap,webrtc
mac_webrtc_chrome_58.pcap,webrtc
mac_webrtc_chrome_188.pcap,webrtc
mac_webrtc_chrome_167.pcap,webrtc
mac_webrtc_chrome_236.pcap,webrtc
mac_webrtc_chrome_1.pcap,webrtc
mac_webrtc_chrome_20.pcap,webrtc
mac_webrtc_chrome_77.pcap,webrtc
mac_webrtc_chrome_98.pcap,webrtc
mac_webrtc_chrome_148.pcap,webrtc
mac_webrtc_chrome_61.pcap,webrtc
mac_webrtc_chrome_220.pcap,webrtc
mac_webrtc_chrome_36.pcap,webrtc
mac_webrtc_chrome_109.pcap,webrtc
mac_webrtc_chrome_172.pcap,webrtc
mac_webrtc_chrome_125.pcap,webrtc
mac_webrtc_chrome_133.pcap,webrtc
mac_webrtc_chrome_164.pcap,webrtc
mac_webrtc_chrome_113.pcap,webrtc
mac_webrtc_chrome_144.pcap,webrtc
mac_webrtc_chrome_94.pcap,webrtc
mac_webrtc_chrome_82.pcap,webrtc
mac_webrtc_chrome_152.pcap,webrtc
mac_webrtc_chrome_105.pcap,webrtc
mac_webrtc_chrome_41.pcap,webrtc
mac_webrtc_chrome_191.pcap,webrtc
mac_webrtc_chrome_129.pcap,webrtc
mac_webrtc_chrome_16.pcap,webrtc
mac_webrtc_chrome_200.pcap,webrtc
mac_webrtc_chrome_216.pcap,webrtc
mac_webrtc_chrome_168.pcap,webrtc
mac_webrtc_chrome_187.pcap,webrtc
mac_webrtc_chrome_57.pcap,webrtc
mac_webrtc_chrome_241.pcap,webrtc
mac_webrtc_chrome_240.pcap,webrtc
mac_webrtc_chrome_169.pcap,webrtc
mac_webrtc_chrome_186.pcap,webrtc
mac_webrtc_chrome_56.pcap,webrtc
mac_webrtc_chrome_217.pcap,webrtc
mac_webrtc_chrome_201.pcap,webrtc
mac_webrtc_chrome_128.pcap,webrtc
mac_webrtc_chrome_17.pcap,webrtc
mac_webrtc_chrome_40.pcap,webrtc
mac_webrtc_chrome_190.pcap,webrtc
mac_webrtc_chrome_104.pcap,webrtc
mac_webrtc_chrome_83.pcap,webrtc
mac_webrtc_chrome_153.pcap,webrtc
mac_webrtc_chrome_145.pcap,webrtc
mac_webrtc_chrome_95.pcap,webrtc
mac_webrtc_chrome_112.pcap,webrtc
mac_webrtc_chrome_165.pcap,webrtc
mac_webrtc_chrome_132.pcap,webrtc
mac_webrtc_chrome_124.pcap,webrtc
mac_webrtc_chrome_173.pcap,webrtc
mac_webrtc_chrome_37.pcap,webrtc
mac_webrtc_chrome_108.pcap,webrtc
mac_webrtc_chrome_221.pcap,webrtc
mac_webrtc_chrome_60.pcap,webrtc
mac_webrtc_chrome_76.pcap,webrtc
mac_webrtc_chrome_99.pcap,webrtc
mac_webrtc_chrome_149.pcap,webrtc
mac_webrtc_chrome_21.pcap,webrtc
mac_webrtc_chrome_237.pcap,webrtc
mac_webrtc_chrome_115.pcap,webrtc
mac_webrtc_chrome_142.pcap,webrtc
mac_webrtc_chrome_92.pcap,webrtc
mac_webrtc_chrome_84.pcap,webrtc
mac_webrtc_chrome_154.pcap,webrtc
mac_webrtc_chrome_103.pcap,webrtc
mac_webrtc_chrome_178.pcap,webrtc
mac_webrtc_chrome_47.pcap,webrtc
mac_webrtc_chrome_197.pcap,webrtc
mac_webrtc_chrome_10.pcap,webrtc
mac_webrtc_chrome_206.pcap,webrtc
mac_webrtc_chrome_139.pcap,webrtc
mac_webrtc_chrome_210.pcap,webrtc
mac_webrtc_chrome_181.pcap,webrtc
mac_webrtc_chrome_51.pcap,webrtc
mac_webrtc_chrome_247.pcap,webrtc
mac_webrtc_chrome_7.pcap,webrtc
mac_webrtc_chrome_230.pcap,webrtc
mac_webrtc_chrome_26.pcap,webrtc
mac_webrtc_chrome_119.pcap,webrtc
mac_webrtc_chrome_71.pcap,webrtc
mac_webrtc_chrome_67.pcap,webrtc
mac_webrtc_chrome_158.pcap,webrtc
mac_webrtc_chrome_88.pcap,webrtc
mac_webrtc_chrome_226.pcap,webrtc
mac_webrtc_chrome_30.pcap,webrtc
mac_webrtc_chrome_174.pcap,webrtc
mac_webrtc_chrome_123.pcap,webrtc
mac_webrtc_chrome_135.pcap,webrtc
mac_webrtc_chrome_162.pcap,webrtc
mac_webrtc_chrome_163.pcap,webrtc
mac_webrtc_chrome_134.pcap,webrtc
mac_webrtc_chrome_122.pcap,webrtc
mac_webrtc_chrome_175.pcap,webrtc
mac_webrtc_chrome_31.pcap,webrtc
mac_webrtc_chrome_227.pcap,webrtc
mac_webrtc_chrome_66.pcap,webrtc
mac_webrtc_chrome_159.pcap,webrtc
mac_webrtc_chrome_89.pcap,webrtc
mac_webrtc_chrome_70.pcap,webrtc
mac_webrtc_chrome_27.pcap,webrtc
mac_webrtc_chrome_118.pcap,webrtc
mac_webrtc_chrome_6.pcap,webrtc
mac_webrtc_chrome_231.pcap,webrtc
mac_webrtc_chrome_246.pcap,webrtc
mac_webrtc_chrome_180.pcap,webrtc
mac_webrtc_chrome_50.pcap,webrtc
mac_webrtc_chrome_211.pcap,webrtc
mac_webrtc_chrome_138.pcap,webrtc
mac_webrtc_chrome_207.pcap,webrtc
mac_webrtc_chrome_11.pcap,webrtc
mac_webrtc_chrome_250.pcap,webrtc
mac_webrtc_chrome_179.pcap,webrtc
mac_webrtc_chrome_46.pcap,webrtc
mac_webrtc_chrome_196.pcap,webrtc
mac_webrtc_chrome_102.pcap,webrtc
mac_webrtc_chrome_85.pcap,webrtc
mac_webrtc_chrome_155.pcap,webrtc
mac_webrtc_chrome_143.pcap,webrtc
mac_webrtc_chrome_93.pcap,webrtc
mac_webrtc_chrome_114.pcap,webrtc
mac_webrtc_firefox_59.pcap,webrtc
mac_webrtc_firefox_100.pcap,webrtc
mac_webrtc_firefox_229.pcap,webrtc
mac_webrtc_firefox_157.pcap,webrtc
mac_webrtc_firefox_18.pcap,webrtc
mac_webrtc_firefox_141.pcap,webrtc
mac_webrtc_firefox_116.pcap,webrtc
mac_webrtc_firefox_182.pcap,webrtc
mac_webrtc_firefox_34.pcap,webrtc
mac_webrtc_firefox_244.pcap,webrtc
mac_webrtc_firefox_63.pcap,webrtc
mac_webrtc_firefox_213.pcap,webrtc
mac_webrtc_firefox_75.pcap,webrtc
mac_webrtc_firefox_205.pcap,webrtc
mac_webrtc_firefox_2.pcap,webrtc
mac_webrtc_firefox_194.pcap,webrtc
mac_webrtc_firefox_22.pcap,webrtc
mac_webrtc_firefox_225.pcap,webrtc
mac_webrtc_firefox_55.pcap,webrtc
mac_webrtc_firefox_14.pcap,webrtc
mac_webrtc_firefox_233.pcap,webrtc
mac_webrtc_firefox_43.pcap,webrtc
mac_webrtc_firefox_248.pcap,webrtc
mac_webrtc_firefox_38.pcap,webrtc
mac_webrtc_firefox_161.pcap,webrtc
mac_webrtc_firefox_80.pcap,webrtc
mac_webrtc_firefox_136.pcap,webrtc
mac_webrtc_firefox_209.pcap,webrtc
mac_webrtc_firefox_96.pcap,webrtc
mac_webrtc_firefox_79.pcap,webrtc
mac_webrtc_firefox_120.pcap,webrtc
mac_webrtc_firefox_198.pcap,webrtc
mac_webrtc_firefox_177.pcap,webrtc
mac_webrtc_firefox_199.pcap,webrtc
mac_webrtc_firefox_176.pcap,webrtc
mac_webrtc_firefox_97.pcap,webrtc
mac_webrtc_firefox_78.pcap,webrtc
mac_webrtc_firefox_121.pcap,webrtc
mac_webrtc_firefox_208.pcap,webrtc
mac_webrtc_firefox_81.pcap,webrtc
mac_webrtc_firefox_137.pcap,webrtc
mac_webrtc_firefox_39.pcap,webrtc
mac_webrtc_firefox_160.pcap,webrtc
mac_webrtc_firefox_249.pcap,webrtc
mac_webrtc_firefox_42.pcap,webrtc
mac_webrtc_firefox_232.pcap,webrtc
mac_webrtc_firefox_15.pcap,webrtc
mac_webrtc_firefox_54.pcap,webrtc
mac_webrtc_firefox_224.pcap,webrtc
mac_webrtc_firefox_195.pcap,webrtc
mac_webrtc_firefox_23.pcap,webrtc
mac_webrtc_firefox_204.pcap,webrtc
mac_webrtc_firefox_3.pcap,webrtc
mac_webrtc_firefox_74.pcap,webrtc
mac_webrtc_firefox_212.pcap,webrtc
mac_webrtc_firefox_62.pcap,webrtc
mac_webrtc_firefox_245.pcap,webrtc
mac_webrtc_firefox_183.pcap,webrtc
mac_webrtc_firefox_35.pcap,webrtc
mac_webrtc_firefox_117.pcap,webrtc
mac_webrtc_firefox_19.pcap,webrtc
mac_webrtc_firefox_140.pcap,webrtc
mac_webrtc_firefox_156.pcap,webrtc
mac_webrtc_firefox_228.pcap,webrtc
mac_webrtc_firefox_58.pcap,webrtc
mac_webrtc_firefox_101.pcap,webrtc
mac_webrtc_firefox_223.pcap,webrtc
mac_webrtc_firefox_53.pcap,webrtc
mac_webrtc_firefox_12.pcap,webrtc
mac_webrtc_firefox_235.pcap,webrtc
mac_webrtc_firefox_45.pcap,webrtc
mac_webrtc_firefox_188.pcap,webrtc
mac_webrtc_firefox_167.pcap,webrtc
mac_webrtc_firefox_219.pcap,webrtc
mac_webrtc_firefox_86.pcap,webrtc
mac_webrtc_firefox_69.pcap,webrtc
mac_webrtc_firefox_130.pcap,webrtc
mac_webrtc_firefox_8.pcap,webrtc
mac_webrtc_firefox_90.pcap,webrtc
mac_webrtc_firefox_126.pcap,webrtc
mac_webrtc_firefox_28.pcap,webrtc
mac_webrtc_firefox_171.pcap,webrtc
mac_webrtc_firefox_106.pcap,webrtc
mac_webrtc_firefox_151.pcap,webrtc
mac_webrtc_firefox_147.pcap,webrtc
mac_webrtc_firefox_49.pcap,webrtc
mac_webrtc_firefox_110.pcap,webrtc
mac_webrtc_firefox_239.pcap,webrtc
mac_webrtc_firefox_184.pcap,webrtc
mac_webrtc_firefox_32.pcap,webrtc
mac_webrtc_firefox_242.pcap,webrtc
mac_webrtc_firefox_65.pcap,webrtc
mac_webrtc_firefox_215.pcap,webrtc
mac_webrtc_firefox_73.pcap,webrtc
mac_webrtc_firefox_203.pcap,webrtc
mac_webrtc_firefox_4.pcap,webrtc
mac_webrtc_firefox_192.pcap,webrtc
mac_webrtc_firefox_24.pcap,webrtc
mac_webrtc_firefox_193.pcap,webrtc
mac_webrtc_firefox_25.pcap,webrtc
mac_webrtc_firefox_202.pcap,webrtc
mac_webrtc_firefox_5.pcap,webrtc
mac_webrtc_firefox_72.pcap,webrtc
mac_webrtc_firefox_214.pcap,webrtc
mac_webrtc_firefox_64.pcap,webrtc
mac_webrtc_firefox_243.pcap,webrtc
mac_webrtc_firefox_185.pcap,webrtc
mac_webrtc_firefox_33.pcap,webrtc
mac_webrtc_firefox_238.pcap,webrtc
mac_webrtc_firefox_48.pcap,webrtc
mac_webrtc_firefox_111.pcap,webrtc
mac_webrtc_firefox_146.pcap,webrtc
mac_webrtc_firefox_150.pcap,webrtc
mac_webrtc_firefox_107.pcap,webrtc
mac_webrtc_firefox_29.pcap,webrtc
mac_webrtc_firefox_170.pcap,webrtc
mac_webrtc_firefox_91.pcap,webrtc
mac_webrtc_firefox_127.pcap,webrtc
mac_webrtc_firefox_9.pcap,webrtc
mac_webrtc_firefox_87.pcap,webrtc
mac_webrtc_firefox_68.pcap,webrtc
mac_webrtc_firefox_131.pcap,webrtc
mac_webrtc_firefox_218.pcap,webrtc
mac_webrtc_firefox_189.pcap,webrtc
mac_webrtc_firefox_166.pcap,webrtc
mac_webrtc_firefox_44.pcap,webrtc
mac_webrtc_firefox_234.pcap,webrtc
mac_webrtc_firefox_13.pcap,webrtc
mac_webrtc_firefox_52.pcap,webrtc
mac_webrtc_firefox_222.pcap,webrtc
mac_webrtc_firefox_173.pcap,webrtc
mac_webrtc_firefox_124.pcap,webrtc
mac_webrtc_firefox_92.pcap,webrtc
mac_webrtc_firefox_132.pcap,webrtc
mac_webrtc_firefox_84.pcap,webrtc
mac_webrtc_firefox_165.pcap,webrtc
mac_webrtc_firefox_47.pcap,webrtc
mac_webrtc_firefox_237.pcap,webrtc
mac_webrtc_firefox_149.pcap,webrtc
mac_webrtc_firefox_10.pcap,webrtc
mac_webrtc_firefox_108.pcap,webrtc
mac_webrtc_firefox_51.pcap,webrtc
mac_webrtc_firefox_221.pcap,webrtc
mac_webrtc_firefox_26.pcap,webrtc
mac_webrtc_firefox_190.pcap,webrtc
mac_webrtc_firefox_201.pcap,webrtc
mac_webrtc_firefox_6.pcap,webrtc
mac_webrtc_firefox_128.pcap,webrtc
mac_webrtc_firefox_71.pcap,webrtc
mac_webrtc_firefox_217.pcap,webrtc
mac_webrtc_firefox_67.pcap,webrtc
mac_webrtc_firefox_88.pcap,webrtc
mac_webrtc_firefox_240.pcap,webrtc
mac_webrtc_firefox_169.pcap,webrtc
mac_webrtc_firefox_30.pcap,webrtc
mac_webrtc_firefox_186.pcap,webrtc
mac_webrtc_firefox_112.pcap,webrtc
mac_webrtc_firefox_145.pcap,webrtc
mac_webrtc_firefox_153.pcap,webrtc
mac_webrtc_firefox_104.pcap,webrtc
mac_webrtc_firefox_105.pcap,webrtc
mac_webrtc_firefox_152.pcap,webrtc
mac_webrtc_firefox_144.pcap,webrtc
mac_webrtc_firefox_113.pcap,webrtc
mac_webrtc_firefox_168.pcap,webrtc
mac_webrtc_firefox_31.pcap,webrtc
mac_webrtc_firefox_187.pcap,webrtc
mac_webrtc_firefox_241.pcap,webrtc
mac_webrtc_firefox_66.pcap,webrtc
mac_webrtc_firefox_89.pcap,webrtc
mac_webrtc_firefox_216.pcap,webrtc
mac_webrtc_firefox_129.pcap,webrtc
mac_webrtc_firefox_70.pcap,webrtc
mac_webrtc_firefox_200.pcap,webrtc
mac_webrtc_firefox_7.pcap,webrtc
mac_webrtc_firefox_27.pcap,webrtc
mac_webrtc_firefox_191.pcap,webrtc
mac_webrtc_firefox_220.pcap,webrtc
mac_webrtc_firefox_109.pcap,webrtc
mac_webrtc_firefox_50.pcap,webrtc
mac_webrtc_firefox_148.pcap,webrtc
mac_webrtc_firefox_11.pcap,webrtc
mac_webrtc_firefox_236.pcap,webrtc
mac_webrtc_firefox_46.pcap,webrtc
mac_webrtc_firefox_164.pcap,webrtc
mac_webrtc_firefox_133.pcap,webrtc
mac_webrtc_firefox_85.pcap,webrtc
mac_webrtc_firefox_125.pcap,webrtc
mac_webrtc_firefox_93.pcap,webrtc
mac_webrtc_firefox_172.pcap,webrtc
mac_webrtc_firefox_250.pcap,webrtc
mac_webrtc_firefox_179.pcap,webrtc
mac_webrtc_firefox_20.pcap,webrtc
mac_webrtc_firefox_196.pcap,webrtc
mac_webrtc_firefox_207.pcap,webrtc
mac_webrtc_firefox_77.pcap,webrtc
mac_webrtc_firefox_98.pcap,webrtc
mac_webrtc_firefox_211.pcap,webrtc
mac_webrtc_firefox_138.pcap,webrtc
mac_webrtc_firefox_61.pcap,webrtc
mac_webrtc_firefox_246.pcap,webrtc
mac_webrtc_firefox_36.pcap,webrtc
mac_webrtc_firefox_180.pcap,webrtc
mac_webrtc_firefox_114.pcap,webrtc
mac_webrtc_firefox_143.pcap,webrtc
mac_webrtc_firefox_155.pcap,webrtc
mac_webrtc_firefox_102.pcap,webrtc
mac_webrtc_firefox_175.pcap,webrtc
mac_webrtc_firefox_122.pcap,webrtc
mac_webrtc_firefox_94.pcap,webrtc
mac_webrtc_firefox_134.pcap,webrtc
mac_webrtc_firefox_82.pcap,webrtc
mac_webrtc_firefox_163.pcap,webrtc
mac_webrtc_firefox_118.pcap,webrtc
mac_webrtc_firefox_41.pcap,webrtc
mac_webrtc_firefox_231.pcap,webrtc
mac_webrtc_firefox_16.pcap,webrtc
mac_webrtc_firefox_159.pcap,webrtc
mac_webrtc_firefox_57.pcap,webrtc
mac_webrtc_firefox_227.pcap,webrtc
mac_webrtc_firefox_226.pcap,webrtc
mac_webrtc_firefox_56.pcap,webrtc
mac_webrtc_firefox_158.pcap,webrtc
mac_webrtc_firefox_17.pcap,webrtc
mac_webrtc_firefox_230.pcap,webrtc
mac_webrtc_firefox_119.pcap,webrtc
mac_webrtc_firefox_40.pcap,webrtc
mac_webrtc_firefox_162.pcap,webrtc
mac_webrtc_firefox_135.pcap,webrtc
mac_webrtc_firefox_83.pcap,webrtc
mac_webrtc_firefox_123.pcap,webrtc
mac_webrtc_firefox_95.pcap,webrtc
mac_webrtc_firefox_174.pcap,webrtc
mac_webrtc_firefox_103.pcap,webrtc
mac_webrtc_firefox_154.pcap,webrtc
mac_webrtc_firefox_142.pcap,webrtc
mac_webrtc_firefox_115.pcap,webrtc
mac_webrtc_firefox_37.pcap,webrtc
mac_webrtc_firefox_181.pcap,webrtc
mac_webrtc_firefox_247.pcap,webrtc
mac_webrtc_firefox_139.pcap,webrtc
mac_webrtc_firefox_60.pcap,webrtc
mac_webrtc_firefox_210.pcap,webrtc
mac_webrtc_firefox_76.pcap,webrtc
mac_webrtc_firefox_99.pcap,webrtc
mac_webrtc_firefox_206.pcap,webrtc
mac_webrtc_firefox_1.pcap,webrtc
mac_webrtc_firefox_178.pcap,webrtc
mac_webrtc_firefox_21.pcap,webrtc
mac_webrtc_firefox_197.pcap,webrtc
mac_zoom_chrome_22.pcap,zoom
mac_zoom_chrome_75.pcap,zoom
mac_zoom_chrome_63.pcap,zoom
mac_zoom_chrome_34.pcap,zoom
mac_zoom_chrome_2.pcap,zoom
mac_zoom_chrome_116.pcap,zoom
mac_zoom_chrome_18.pcap,zoom
mac_zoom_chrome_141.pcap,zoom
mac_zoom_chrome_59.pcap,zoom
mac_zoom_chrome_100.pcap,zoom
mac_zoom_chrome_120.pcap,zoom
mac_zoom_chrome_79.pcap,zoom
mac_zoom_chrome_96.pcap,zoom
mac_zoom_chrome_136.pcap,zoom
mac_zoom_chrome_80.pcap,zoom
mac_zoom_chrome_38.pcap,zoom
mac_zoom_chrome_43.pcap,zoom
mac_zoom_chrome_14.pcap,zoom
mac_zoom_chrome_55.pcap,zoom
mac_zoom_chrome_54.pcap,zoom
mac_zoom_chrome_15.pcap,zoom
mac_zoom_chrome_42.pcap,zoom
mac_zoom_chrome_39.pcap,zoom
mac_zoom_chrome_81.pcap,zoom
mac_zoom_chrome_137.pcap,zoom
mac_zoom_chrome_78.pcap,zoom
mac_zoom_chrome_97.pcap,zoom
mac_zoom_chrome_121.pcap,zoom
mac_zoom_chrome_101.pcap,zoom
mac_zoom_chrome_58.pcap,zoom
mac_zoom_chrome_140.pcap,zoom
mac_zoom_chrome_19.pcap,zoom
mac_zoom_chrome_3.pcap,zoom
mac_zoom_chrome_117.pcap,zoom
mac_zoom_chrome_35.pcap,zoom
mac_zoom_chrome_62.pcap,zoom
mac_zoom_chrome_74.pcap,zoom
mac_zoom_chrome_23.pcap,zoom
mac_zoom_chrome_28.pcap,zoom
mac_zoom_chrome_126.pcap,zoom
mac_zoom_chrome_90.pcap,zoom
mac_zoom_chrome_130.pcap,zoom
mac_zoom_chrome_69.pcap,zoom
mac_zoom_chrome_86.pcap,zoom
mac_zoom_chrome_8.pcap,zoom
mac_zoom_chrome_45.pcap,zoom
mac_zoom_chrome_12.pcap,zoom
mac_zoom_chrome_53.pcap,zoom
mac_zoom_chrome_24.pcap,zoom
mac_zoom_chrome_73.pcap,zoom
mac_zoom_chrome_65.pcap,zoom
mac_zoom_chrome_32.pcap,zoom
mac_zoom_chrome_49.pcap,zoom
mac_zoom_chrome_110.pcap,zoom
mac_zoom_chrome_4.pcap,zoom
mac_zoom_chrome_147.pcap,zoom
mac_zoom_chrome_106.pcap,zoom
mac_zoom_chrome_107.pcap,zoom
mac_zoom_chrome_150.pcap,zoom
mac_zoom_chrome_146.pcap,zoom
mac_zoom_chrome_111.pcap,zoom
mac_zoom_chrome_5.pcap,zoom
mac_zoom_chrome_48.pcap,zoom
mac_zoom_chrome_33.pcap,zoom
mac_zoom_chrome_64.pcap,zoom
mac_zoom_chrome_72.pcap,zoom
mac_zoom_chrome_25.pcap,zoom
mac_zoom_chrome_52.pcap,zoom
mac_zoom_chrome_13.pcap,zoom
mac_zoom_chrome_44.pcap,zoom
mac_zoom_chrome_9.pcap,zoom
mac_zoom_chrome_68.pcap,zoom
mac_zoom_chrome_87.pcap,zoom
mac_zoom_chrome_131.pcap,zoom
mac_zoom_chrome_91.pcap,zoom
mac_zoom_chrome_127.pcap,zoom
mac_zoom_chrome_29.pcap,zoom
mac_zoom_chrome_51.pcap,zoom
mac_zoom_chrome_108.pcap,zoom
mac_zoom_chrome_10.pcap,zoom
mac_zoom_chrome_149.pcap,zoom
mac_zoom_chrome_47.pcap,zoom
mac_zoom_chrome_84.pcap,zoom
mac_zoom_chrome_132.pcap,zoom
mac_zoom_chrome_92.pcap,zoom
mac_zoom_chrome_124.pcap,zoom
mac_zoom_chrome_104.pcap,zoom
mac_zoom_chrome_145.pcap,zoom
mac_zoom_chrome_6.pcap,zoom
mac_zoom_chrome_112.pcap,zoom
mac_zoom_chrome_30.pcap,zoom
mac_zoom_chrome_88.pcap,zoom
mac_zoom_chrome_67.pcap,zoom
mac_zoom_chrome_128.pcap,zoom
mac_zoom_chrome_71.pcap,zoom
mac_zoom_chrome_26.pcap,zoom
mac_zoom_chrome_27.pcap,zoom
mac_zoom_chrome_70.pcap,zoom
mac_zoom_chrome_129.pcap,zoom
mac_zoom_chrome_89.pcap,zoom
mac_zoom_chrome_66.pcap,zoom
mac_zoom_chrome_31.pcap,zoom
mac_zoom_chrome_7.pcap,zoom
mac_zoom_chrome_113.pcap,zoom
mac_zoom_chrome_144.pcap,zoom
mac_zoom_chrome_105.pcap,zoom
mac_zoom_chrome_125.pcap,zoom
mac_zoom_chrome_93.pcap,zoom
mac_zoom_chrome_133.pcap,zoom
mac_zoom_chrome_85.pcap,zoom
mac_zoom_chrome_46.pcap,zoom
mac_zoom_chrome_148.pcap,zoom
mac_zoom_chrome_11.pcap,zoom
mac_zoom_chrome_109.pcap,zoom
mac_zoom_chrome_50.pcap,zoom
mac_zoom_chrome_102.pcap,zoom
mac_zoom_chrome_143.pcap,zoom
mac_zoom_chrome_114.pcap,zoom
mac_zoom_chrome_36.pcap,zoom
mac_zoom_chrome_138.pcap,zoom
mac_zoom_chrome_61.pcap,zoom
mac_zoom_chrome_98.pcap,zoom
mac_zoom_chrome_77.pcap,zoom
mac_zoom_chrome_20.pcap,zoom
mac_zoom_chrome_57.pcap,zoom
mac_zoom_chrome_16.pcap,zoom
mac_zoom_chrome_41.pcap,zoom
mac_zoom_chrome_118.pcap,zoom
mac_zoom_chrome_82.pcap,zoom
mac_zoom_chrome_134.pcap,zoom
mac_zoom_chrome_94.pcap,zoom
mac_zoom_chrome_122.pcap,zoom
mac_zoom_chrome_123.pcap,zoom
mac_zoom_chrome_95.pcap,zoom
mac_zoom_chrome_135.pcap,zoom
mac_zoom_chrome_83.pcap,zoom
mac_zoom_chrome_119.pcap,zoom
mac_zoom_chrome_40.pcap,zoom
mac_zoom_chrome_17.pcap,zoom
mac_zoom_chrome_56.pcap,zoom
mac_zoom_chrome_21.pcap,zoom
mac_zoom_chrome_99.pcap,zoom
mac_zoom_chrome_76.pcap,zoom
mac_zoom_chrome_60.pcap,zoom
mac_zoom_chrome_139.pcap,zoom
mac_zoom_chrome_37.pcap,zoom
mac_zoom_chrome_115.pcap,zoom
mac_zoom_chrome_1.pcap,zoom
mac_zoom_chrome_142.pcap,zoom
mac_zoom_chrome_103.pcap,zoom
mac_zoom_firefox_19.pcap,zoom
mac_zoom_firefox_8.pcap,zoom
mac_zoom_firefox_119.pcap,zoom
mac_zoom_firefox_58.pcap,zoom
mac_zoom_firefox_135.pcap,zoom
mac_zoom_firefox_23.pcap,zoom
mac_zoom_firefox_74.pcap,zoom
mac_zoom_firefox_62.pcap,zoom
mac_zoom_firefox_35.pcap,zoom
mac_zoom_firefox_123.pcap,zoom
mac_zoom_firefox_42.pcap,zoom
mac_zoom_firefox_4.pcap,zoom
mac_zoom_firefox_15.pcap,zoom
mac_zoom_firefox_103.pcap,zoom
mac_zoom_firefox_115.pcap,zoom
mac_zoom_firefox_54.pcap,zoom
mac_zoom_firefox_142.pcap,zoom
mac_zoom_firefox_139.pcap,zoom
mac_zoom_firefox_78.pcap,zoom
mac_zoom_firefox_97.pcap,zoom
mac_zoom_firefox_81.pcap,zoom
mac_zoom_firefox_39.pcap,zoom
mac_zoom_firefox_38.pcap,zoom
mac_zoom_firefox_80.pcap,zoom
mac_zoom_firefox_79.pcap,zoom
mac_zoom_firefox_96.pcap,zoom
mac_zoom_firefox_138.pcap,zoom
mac_zoom_firefox_55.pcap,zoom
mac_zoom_firefox_143.pcap,zoom
mac_zoom_firefox_114.pcap,zoom
mac_zoom_firefox_5.pcap,zoom
mac_zoom_firefox_14.pcap,zoom
mac_zoom_firefox_102.pcap,zoom
mac_zoom_firefox_43.pcap,zoom
mac_zoom_firefox_34.pcap,zoom
mac_zoom_firefox_122.pcap,zoom
mac_zoom_firefox_63.pcap,zoom
mac_zoom_firefox_75.pcap,zoom
mac_zoom_firefox_134.pcap,zoom
mac_zoom_firefox_22.pcap,zoom
mac_zoom_firefox_59.pcap,zoom
mac_zoom_firefox_118.pcap,zoom
mac_zoom_firefox_18.pcap,zoom
mac_zoom_firefox_9.pcap,zoom
mac_zoom_firefox_44.pcap,zoom
mac_zoom_firefox_13.pcap,zoom
mac_zoom_firefox_105.pcap,zoom
mac_zoom_firefox_2.pcap,zoom
mac_zoom_firefox_113.pcap,zoom
mac_zoom_firefox_52.pcap,zoom
mac_zoom_firefox_144.pcap,zoom
mac_zoom_firefox_29.pcap,zoom
mac_zoom_firefox_91.pcap,zoom
mac_zoom_firefox_68.pcap,zoom
mac_zoom_firefox_87.pcap,zoom
mac_zoom_firefox_129.pcap,zoom
mac_zoom_firefox_48.pcap,zoom
mac_zoom_firefox_109.pcap,zoom
mac_zoom_firefox_148.pcap,zoom
mac_zoom_firefox_133.pcap,zoom
mac_zoom_firefox_25.pcap,zoom
mac_zoom_firefox_72.pcap,zoom
mac_zoom_firefox_64.pcap,zoom
mac_zoom_firefox_33.pcap,zoom
mac_zoom_firefox_125.pcap,zoom
mac_zoom_firefox_32.pcap,zoom
mac_zoom_firefox_124.pcap,zoom
mac_zoom_firefox_65.pcap,zoom
mac_zoom_firefox_73.pcap,zoom
mac_zoom_firefox_132.pcap,zoom
mac_zoom_firefox_24.pcap,zoom
mac_zoom_firefox_149.pcap,zoom
mac_zoom_firefox_108.pcap,zoom
mac_zoom_firefox_49.pcap,zoom
mac_zoom_firefox_128.pcap,zoom
mac_zoom_firefox_69.pcap,zoom
mac_zoom_firefox_86.pcap,zoom
mac_zoom_firefox_90.pcap,zoom
mac_zoom_firefox_28.pcap,zoom
mac_zoom_firefox_53.pcap,zoom
mac_zoom_firefox_145.pcap,zoom
mac_zoom_firefox_112.pcap,zoom
mac_zoom_firefox_12.pcap,zoom
mac_zoom_firefox_104.pcap,zoom
mac_zoom_firefox_3.pcap,zoom
mac_zoom_firefox_45.pcap,zoom
mac_zoom_firefox_85.pcap,zoom
mac_zoom_firefox_93.pcap,zoom
mac_zoom_firefox_50.pcap,zoom
mac_zoom_firefox_146.pcap,zoom
mac_zoom_firefox_111.pcap,zoom
mac_zoom_firefox_11.pcap,zoom
mac_zoom_firefox_107.pcap,zoom
mac_zoom_firefox_150.pcap,zoom
mac_zoom_firefox_46.pcap,zoom
mac_zoom_firefox_31.pcap,zoom
mac_zoom_firefox_127.pcap,zoom
mac_zoom_firefox_89.pcap,zoom
mac_zoom_firefox_66.pcap,zoom
mac_zoom_firefox_70.pcap,zoom
mac_zoom_firefox_131.pcap,zoom
mac_zoom_firefox_27.pcap,zoom
mac_zoom_firefox_130.pcap,zoom
mac_zoom_firefox_26.pcap,zoom
mac_zoom_firefox_71.pcap,zoom
mac_zoom_firefox_88.pcap,zoom
mac_zoom_firefox_67.pcap,zoom
mac_zoom_firefox_30.pcap,zoom
mac_zoom_firefox_126.pcap,zoom
mac_zoom_firefox_47.pcap,zoom
mac_zoom_firefox_10.pcap,zoom
mac_zoom_firefox_106.pcap,zoom
mac_zoom_firefox_110.pcap,zoom
mac_zoom_firefox_51.pcap,zoom
mac_zoom_firefox_147.pcap,zoom
mac_zoom_firefox_92.pcap,zoom
mac_zoom_firefox_84.pcap,zoom
mac_zoom_firefox_37.pcap,zoom
mac_zoom_firefox_121.pcap,zoom
mac_zoom_firefox_60.pcap,zoom
mac_zoom_firefox_99.pcap,zoom
mac_zoom_firefox_76.pcap,zoom
mac_zoom_firefox_137.pcap,zoom
mac_zoom_firefox_21.pcap,zoom
mac_zoom_firefox_83.pcap,zoom
mac_zoom_firefox_95.pcap,zoom
mac_zoom_firefox_56.pcap,zoom
mac_zoom_firefox_140.pcap,zoom
mac_zoom_firefox_117.pcap,zoom
mac_zoom_firefox_17.pcap,zoom
mac_zoom_firefox_101.pcap,zoom
mac_zoom_firefox_6.pcap,zoom
mac_zoom_firefox_40.pcap,zoom
mac_zoom_firefox_41.pcap,zoom
mac_zoom_firefox_16.pcap,zoom
mac_zoom_firefox_100.pcap,zoom
mac_zoom_firefox_7.pcap,zoom
mac_zoom_firefox_116.pcap,zoom
mac_zoom_firefox_57.pcap,zoom
mac_zoom_firefox_141.pcap,zoom
mac_zoom_firefox_94.pcap,zoom
mac_zoom_firefox_82.pcap,zoom
mac_zoom_firefox_136.pcap,zoom
mac_zoom_firefox_20.pcap,zoom
mac_zoom_firefox_98.pcap,zoom
mac_zoom_firefox_77.pcap,zoom
mac_zoom_firefox_61.pcap,zoom
mac_zoom_firefox_36.pcap,zoom
mac_zoom_firefox_120.pcap,zoom
ubuntu_zoom_chrome_117.pcap,zoom
ubuntu_zoom_chrome_63.pcap,zoom
ubuntu_zoom_chrome_2.pcap,zoom
ubuntu_zoom_chrome_34.pcap,zoom
ubuntu_zoom_chrome_140.pcap,zoom
ubuntu_zoom_chrome_22.pcap,zoom
ubuntu_zoom_chrome_75.pcap,zoom
ubuntu_zoom_chrome_101.pcap,zoom
ubuntu_zoom_chrome_59.pcap,zoom
ubuntu_zoom_chrome_18.pcap,zoom
ubuntu_zoom_chrome_80.pcap,zoom
ubuntu_zoom_chrome_38.pcap,zoom
ubuntu_zoom_chrome_79.pcap,zoom
ubuntu_zoom_chrome_96.pcap,zoom
ubuntu_zoom_chrome_55.pcap,zoom
ubuntu_zoom_chrome_121.pcap,zoom
ubuntu_zoom_chrome_137.pcap,zoom
ubuntu_zoom_chrome_43.pcap,zoom
ubuntu_zoom_chrome_14.pcap,zoom
ubuntu_zoom_chrome_15.pcap,zoom
ubuntu_zoom_chrome_136.pcap,zoom
ubuntu_zoom_chrome_42.pcap,zoom
ubuntu_zoom_chrome_54.pcap,zoom
ubuntu_zoom_chrome_120.pcap,zoom
ubuntu_zoom_chrome_97.pcap,zoom
ubuntu_zoom_chrome_39.pcap,zoom
ubuntu_zoom_chrome_81.pcap,zoom
ubuntu_zoom_chrome_19.pcap,zoom
ubuntu_zoom_chrome_58.pcap,zoom
ubuntu_zoom_chrome_74.pcap,zoom
ubuntu_zoom_chrome_100.pcap,zoom
ubuntu_zoom_chrome_23.pcap,zoom
ubuntu_zoom_chrome_35.pcap,zoom
ubuntu_zoom_chrome_141.pcap,zoom
ubuntu_zoom_chrome_116.pcap,zoom
ubuntu_zoom_chrome_62.pcap,zoom
ubuntu_zoom_chrome_3.pcap,zoom
ubuntu_zoom_chrome_69.pcap,zoom
ubuntu_zoom_chrome_8.pcap,zoom
ubuntu_zoom_chrome_86.pcap,zoom
ubuntu_zoom_chrome_28.pcap,zoom
ubuntu_zoom_chrome_90.pcap,zoom
ubuntu_zoom_chrome_127.pcap,zoom
ubuntu_zoom_chrome_53.pcap,zoom
ubuntu_zoom_chrome_45.pcap,zoom
ubuntu_zoom_chrome_131.pcap,zoom
ubuntu_zoom_chrome_12.pcap,zoom
ubuntu_zoom_chrome_65.pcap,zoom
ubuntu_zoom_chrome_111.pcap,zoom
ubuntu_zoom_chrome_4.pcap,zoom
ubuntu_zoom_chrome_146.pcap,zoom
ubuntu_zoom_chrome_32.pcap,zoom
ubuntu_zoom_chrome_24.pcap,zoom
ubuntu_zoom_chrome_150.pcap,zoom
ubuntu_zoom_chrome_107.pcap,zoom
ubuntu_zoom_chrome_73.pcap,zoom
ubuntu_zoom_chrome_49.pcap,zoom
ubuntu_zoom_chrome_48.pcap,zoom
ubuntu_zoom_chrome_106.pcap,zoom
ubuntu_zoom_chrome_72.pcap,zoom
ubuntu_zoom_chrome_25.pcap,zoom
ubuntu_zoom_chrome_147.pcap,zoom
ubuntu_zoom_chrome_33.pcap,zoom
ubuntu_zoom_chrome_64.pcap,zoom
ubuntu_zoom_chrome_110.pcap,zoom
ubuntu_zoom_chrome_5.pcap,zoom
ubuntu_zoom_chrome_13.pcap,zoom
ubuntu_zoom_chrome_44.pcap,zoom
ubuntu_zoom_chrome_130.pcap,zoom
ubuntu_zoom_chrome_126.pcap,zoom
ubuntu_zoom_chrome_52.pcap,zoom
ubuntu_zoom_chrome_91.pcap,zoom
ubuntu_zoom_chrome_29.pcap,zoom
ubuntu_zoom_chrome_68.pcap,zoom
ubuntu_zoom_chrome_87.pcap,zoom
ubuntu_zoom_chrome_9.pcap,zoom
ubuntu_zoom_chrome_10.pcap,zoom
ubuntu_zoom_chrome_133.pcap,zoom
ubuntu_zoom_chrome_47.pcap,zoom
ubuntu_zoom_chrome_51.pcap,zoom
ubuntu_zoom_chrome_125.pcap,zoom
ubuntu_zoom_chrome_92.pcap,zoom
ubuntu_zoom_chrome_109.pcap,zoom
ubuntu_zoom_chrome_84.pcap,zoom
ubuntu_zoom_chrome_129.pcap,zoom
ubuntu_zoom_chrome_71.pcap,zoom
ubuntu_zoom_chrome_26.pcap,zoom
ubuntu_zoom_chrome_30.pcap,zoom
ubuntu_zoom_chrome_144.pcap,zoom
ubuntu_zoom_chrome_6.pcap,zoom
ubuntu_zoom_chrome_88.pcap,zoom
ubuntu_zoom_chrome_113.pcap,zoom
ubuntu_zoom_chrome_67.pcap,zoom
ubuntu_zoom_chrome_89.pcap,zoom
ubuntu_zoom_chrome_112.pcap,zoom
ubuntu_zoom_chrome_66.pcap,zoom
ubuntu_zoom_chrome_31.pcap,zoom
ubuntu_zoom_chrome_145.pcap,zoom
ubuntu_zoom_chrome_27.pcap,zoom
ubuntu_zoom_chrome_70.pcap,zoom
ubuntu_zoom_chrome_128.pcap,zoom
ubuntu_zoom_chrome_85.pcap,zoom
ubuntu_zoom_chrome_93.pcap,zoom
ubuntu_zoom_chrome_108.pcap,zoom
ubuntu_zoom_chrome_124.pcap,zoom
ubuntu_zoom_chrome_132.pcap,zoom
ubuntu_zoom_chrome_46.pcap,zoom
ubuntu_zoom_chrome_11.pcap,zoom
ubuntu_zoom_chrome_139.pcap,zoom
ubuntu_zoom_chrome_98.pcap,zoom
ubuntu_zoom_chrome_103.pcap,zoom
ubuntu_zoom_chrome_77.pcap,zoom
ubuntu_zoom_chrome_20.pcap,zoom
ubuntu_zoom_chrome_142.pcap,zoom
ubuntu_zoom_chrome_36.pcap,zoom
ubuntu_zoom_chrome_61.pcap,zoom
ubuntu_zoom_chrome_115.pcap,zoom
ubuntu_zoom_chrome_16.pcap,zoom
ubuntu_zoom_chrome_41.pcap,zoom
ubuntu_zoom_chrome_135.pcap,zoom
ubuntu_zoom_chrome_123.pcap,zoom
ubuntu_zoom_chrome_57.pcap,zoom
ubuntu_zoom_chrome_94.pcap,zoom
ubuntu_zoom_chrome_82.pcap,zoom
ubuntu_zoom_chrome_119.pcap,zoom
ubuntu_zoom_chrome_83.pcap,zoom
ubuntu_zoom_chrome_118.pcap,zoom
ubuntu_zoom_chrome_95.pcap,zoom
ubuntu_zoom_chrome_122.pcap,zoom
ubuntu_zoom_chrome_56.pcap,zoom
ubuntu_zoom_chrome_40.pcap,zoom
ubuntu_zoom_chrome_134.pcap,zoom
ubuntu_zoom_chrome_17.pcap,zoom
ubuntu_zoom_chrome_1.pcap,zoom
ubuntu_zoom_chrome_60.pcap,zoom
ubuntu_zoom_chrome_114.pcap,zoom
ubuntu_zoom_chrome_143.pcap,zoom
ubuntu_zoom_chrome_37.pcap,zoom
ubuntu_zoom_chrome_21.pcap,zoom
ubuntu_zoom_chrome_99.pcap,zoom
ubuntu_zoom_chrome_102.pcap,zoom
ubuntu_zoom_chrome_76.pcap,zoom
ubuntu_zoom_chrome_138.pcap,zoom
ubuntu_zoom_firefox_133.pcap,zoom
ubuntu_zoom_firefox_1.pcap,zoom
ubuntu_zoom_firefox_94.pcap,zoom
ubuntu_zoom_firefox_82.pcap,zoom
ubuntu_zoom_firefox_125.pcap,zoom
ubuntu_zoom_firefox_41.pcap,zoom
ubuntu_zoom_firefox_109.pcap,zoom
ubuntu_zoom_firefox_16.pcap,zoom
ubuntu_zoom_firefox_148.pcap,zoom
ubuntu_zoom_firefox_57.pcap,zoom
ubuntu_zoom_firefox_20.pcap,zoom
ubuntu_zoom_firefox_77.pcap,zoom
ubuntu_zoom_firefox_98.pcap,zoom
ubuntu_zoom_firefox_61.pcap,zoom
ubuntu_zoom_firefox_36.pcap,zoom
ubuntu_zoom_firefox_129.pcap,zoom
ubuntu_zoom_firefox_105.pcap,zoom
ubuntu_zoom_firefox_113.pcap,zoom
ubuntu_zoom_firefox_144.pcap,zoom
ubuntu_zoom_firefox_145.pcap,zoom
ubuntu_zoom_firefox_112.pcap,zoom
ubuntu_zoom_firefox_104.pcap,zoom
ubuntu_zoom_firefox_128.pcap,zoom
ubuntu_zoom_firefox_37.pcap,zoom
ubuntu_zoom_firefox_60.pcap,zoom
ubuntu_zoom_firefox_76.pcap,zoom
ubuntu_zoom_firefox_99.pcap,zoom
ubuntu_zoom_firefox_21.pcap,zoom
ubuntu_zoom_firefox_56.pcap,zoom
ubuntu_zoom_firefox_149.pcap,zoom
ubuntu_zoom_firefox_17.pcap,zoom
ubuntu_zoom_firefox_108.pcap,zoom
ubuntu_zoom_firefox_40.pcap,zoom
ubuntu_zoom_firefox_124.pcap,zoom
ubuntu_zoom_firefox_83.pcap,zoom
ubuntu_zoom_firefox_95.pcap,zoom
ubuntu_zoom_firefox_132.pcap,zoom
ubuntu_zoom_firefox_26.pcap,zoom
ubuntu_zoom_firefox_139.pcap,zoom
ubuntu_zoom_firefox_71.pcap,zoom
ubuntu_zoom_firefox_67.pcap,zoom
ubuntu_zoom_firefox_88.pcap,zoom
ubuntu_zoom_firefox_30.pcap,zoom
ubuntu_zoom_firefox_103.pcap,zoom
ubuntu_zoom_firefox_115.pcap,zoom
ubuntu_zoom_firefox_142.pcap,zoom
ubuntu_zoom_firefox_135.pcap,zoom
ubuntu_zoom_firefox_7.pcap,zoom
ubuntu_zoom_firefox_92.pcap,zoom
ubuntu_zoom_firefox_84.pcap,zoom
ubuntu_zoom_firefox_123.pcap,zoom
ubuntu_zoom_firefox_47.pcap,zoom
ubuntu_zoom_firefox_10.pcap,zoom
ubuntu_zoom_firefox_119.pcap,zoom
ubuntu_zoom_firefox_51.pcap,zoom
ubuntu_zoom_firefox_50.pcap,zoom
ubuntu_zoom_firefox_118.pcap,zoom
ubuntu_zoom_firefox_11.pcap,zoom
ubuntu_zoom_firefox_46.pcap,zoom
ubuntu_zoom_firefox_122.pcap,zoom
ubuntu_zoom_firefox_85.pcap,zoom
ubuntu_zoom_firefox_93.pcap,zoom
ubuntu_zoom_firefox_6.pcap,zoom
ubuntu_zoom_firefox_134.pcap,zoom
ubuntu_zoom_firefox_143.pcap,zoom
ubuntu_zoom_firefox_114.pcap,zoom
ubuntu_zoom_firefox_102.pcap,zoom
ubuntu_zoom_firefox_31.pcap,zoom
ubuntu_zoom_firefox_66.pcap,zoom
ubuntu_zoom_firefox_89.pcap,zoom
ubuntu_zoom_firefox_70.pcap,zoom
ubuntu_zoom_firefox_138.pcap,zoom
ubuntu_zoom_firefox_27.pcap,zoom
ubuntu_zoom_firefox_140.pcap,zoom
ubuntu_zoom_firefox_117.pcap,zoom
ubuntu_zoom_firefox_101.pcap,zoom
ubuntu_zoom_firefox_49.pcap,zoom
ubuntu_zoom_firefox_32.pcap,zoom
ubuntu_zoom_firefox_65.pcap,zoom
ubuntu_zoom_firefox_9.pcap,zoom
ubuntu_zoom_firefox_73.pcap,zoom
ubuntu_zoom_firefox_24.pcap,zoom
ubuntu_zoom_firefox_53.pcap,zoom
ubuntu_zoom_firefox_12.pcap,zoom
ubuntu_zoom_firefox_45.pcap,zoom
ubuntu_zoom_firefox_121.pcap,zoom
ubuntu_zoom_firefox_86.pcap,zoom
ubuntu_zoom_firefox_69.pcap,zoom
ubuntu_zoom_firefox_90.pcap,zoom
ubuntu_zoom_firefox_5.pcap,zoom
ubuntu_zoom_firefox_28.pcap,zoom
ubuntu_zoom_firefox_137.pcap,zoom
ubuntu_zoom_firefox_136.pcap,zoom
ubuntu_zoom_firefox_29.pcap,zoom
ubuntu_zoom_firefox_4.pcap,zoom
ubuntu_zoom_firefox_91.pcap,zoom
ubuntu_zoom_firefox_87.pcap,zoom
ubuntu_zoom_firefox_68.pcap,zoom
ubuntu_zoom_firefox_120.pcap,zoom
ubuntu_zoom_firefox_44.pcap,zoom
ubuntu_zoom_firefox_13.pcap,zoom
ubuntu_zoom_firefox_52.pcap,zoom
ubuntu_zoom_firefox_25.pcap,zoom
ubuntu_zoom_firefox_72.pcap,zoom
ubuntu_zoom_firefox_8.pcap,zoom
ubuntu_zoom_firefox_64.pcap,zoom
ubuntu_zoom_firefox_33.pcap,zoom
ubuntu_zoom_firefox_48.pcap,zoom
ubuntu_zoom_firefox_100.pcap,zoom
ubuntu_zoom_firefox_116.pcap,zoom
ubuntu_zoom_firefox_141.pcap,zoom
ubuntu_zoom_firefox_55.pcap,zoom
ubuntu_zoom_firefox_14.pcap,zoom
ubuntu_zoom_firefox_43.pcap,zoom
ubuntu_zoom_firefox_38.pcap,zoom
ubuntu_zoom_firefox_127.pcap,zoom
ubuntu_zoom_firefox_80.pcap,zoom
ubuntu_zoom_firefox_96.pcap,zoom
ubuntu_zoom_firefox_79.pcap,zoom
ubuntu_zoom_firefox_3.pcap,zoom
ubuntu_zoom_firefox_131.pcap,zoom
ubuntu_zoom_firefox_146.pcap,zoom
ubuntu_zoom_firefox_59.pcap,zoom
ubuntu_zoom_firefox_111.pcap,zoom
ubuntu_zoom_firefox_107.pcap,zoom
ubuntu_zoom_firefox_18.pcap,zoom
ubuntu_zoom_firefox_150.pcap,zoom
ubuntu_zoom_firefox_34.pcap,zoom
ubuntu_zoom_firefox_63.pcap,zoom
ubuntu_zoom_firefox_75.pcap,zoom
ubuntu_zoom_firefox_22.pcap,zoom
ubuntu_zoom_firefox_23.pcap,zoom
ubuntu_zoom_firefox_74.pcap,zoom
ubuntu_zoom_firefox_62.pcap,zoom
ubuntu_zoom_firefox_35.pcap,zoom
ubuntu_zoom_firefox_19.pcap,zoom
ubuntu_zoom_firefox_106.pcap,zoom
ubuntu_zoom_firefox_110.pcap,zoom
ubuntu_zoom_firefox_58.pcap,zoom
ubuntu_zoom_firefox_147.pcap,zoom
ubuntu_zoom_firefox_130.pcap,zoom
ubuntu_zoom_firefox_2.pcap,zoom
ubuntu_zoom_firefox_97.pcap,zoom
ubuntu_zoom_firefox_78.pcap,zoom
ubuntu_zoom_firefox_81.pcap,zoom
ubuntu_zoom_firefox_126.pcap,zoom
ubuntu_zoom_firefox_39.pcap,zoom
ubuntu_zoom_firefox_42.pcap,zoom
ubuntu_zoom_firefox_15.pcap,zoom
ubuntu_zoom_firefox_54.pcap,zoom
